band_id,name,slug,source,source_id,country,subtitle,biography_html,image_url,thumbnail_url,youtube_url,spotify_artist_id,spotify_album_id,homepage_url,facebook_url,instagram_url,first_time
5th-avenue,5th Avenue,5th-avenue,wacken-json,452,Germany,,"<p>Pünktlich zum 35. W:O:A-Jubiläum feiern wir die 10. Show einer der ersten und treusten Bands auf dem Holy Ground: 5th Avenue kommen 2026 nach Wacken! Die Hamburger Kultrocker geben die Highlights ihrer Diskografie zum Besten, welche bis in die 90er zurück reicht. Doch auch in den letzten Jahren sind Oliver Peters und co. umtriebig wie eh und je und haben mit „Machine Gun“ und „All The Leaves Are Falling“ bewiesen, dass ihre Geschichte noch lange nicht auserzählt ist. Im Gegenteil: Ein Nachtspaziergang entlang der norddeutschen 5th Avenue war selten so unterhaltsam, prickelnd und authentisch.</p>",https://www.wacken.com/fileadmin/user_upload/bandimages/bands2025/5th_Avenue25.jpg,https://www.wacken.com/fileadmin/_processed_/5/f/csm_5th_Avenue25_9d44c97386.jpg,https://www.youtube.com/watch?v=CN0vbL_MEcI&list=RDCN0vbL_MEcI&start_radio=1,1biWH85uIGqR8Nj7oKU5J9,,https://5thavenue-hamburg.com/,https://www.facebook.com/5thAvenueHamburg,https://www.instagram.com/5th_avenue_hamburg,false
9mm-headshot,9mm Headshot,9mm-headshot,wacken-json,1196,Germany,,"<p>Sie sind zurück, und zwar so richtig. Mit „Sex, Bier und Assi-Rock“ hat die Band nicht nur ein neues Album für den Holy Ground im Gepäck, sondern außerdem ein Manifest in Metall gegossen, das den deutschen Vierer perfekt beschreibt. Provokante Texte, kompromissloser Rock’n’Roll - die Zeit ist reif für eine Rückkehr von 9mm Headshot auf das W:O:A.&nbsp;</p>",https://www.wacken.com/fileadmin/user_upload/bandimages/bands2026/9mm_26.jpg,https://www.wacken.com/fileadmin/_processed_/5/c/csm_9mm_26_b14cffe6c2.jpg,https://www.youtube.com/watch?v=GKNviam4HOI,0hYxXnnFEBBK8JDab4lIEM,,https://www.9mmheadshot.de,https://www.facebook.com/9mmheadshot/,https://www.instagram.com/9mmheadshot/,false
ad-infinitum,Ad Infinitum,ad-infinitum,wacken-json,611,Switzerland,,"<p>AD INFINITUM is a band that takes you on a journey into the infinite world of Symphonic Metal and beyond. The four Swiss musicians, led by singer Melissa Bonny, proved that this formula works perfectly at W:O:A in 2023 and are returning to the Holy Ground for the festival's anniversary. With highlights from their first three albums ‘Chapter I, II, III’ and their current longplayer ‘Abyss’, they present the perfect mixture for a bombastic show somewhere between growls and clean vocals, hard riffs and orchestral escapades, as well as enchanted fairy tales and unvarnished reality.</p>",https://www.wacken.com/fileadmin/user_upload/bandimages/bands2026/ad_infinitum_26.jpg,https://www.wacken.com/fileadmin/_processed_/f/a/csm_ad_infinitum_26_cb9028b792.jpg,https://www.youtube.com/watch?v=POwK89M7PH8,2X3qFQFHkm1sOGo5ppIoSD,,https://www.adinfinitumofficial.com/,https://www.facebook.com/AdInfinitumMusic/,https://www.instagram.com/adinfinitumofficial/,false
airbourne,Airbourne,airbourne,wacken-json,5,Australia,,"<p>Wir schmeißen jeden Sommer eine Riesenparty und wer darf da sicherlich nicht fehlen? Richtig – die Gute-Laune-Truppe, die nicht nur beinharten Rock’n’Roll, sondern auch die richtige Attitude und Trinkfestigkeit mitbringt.</p> <p>Die Rede ist von Australia’s Finest, den O’Keeffe Brüdern, Airbourne! Seit 22 Jahren gehört die Band praktisch zum Kulturgut des Kontinents und hat die lange einzig von AC/DC und Rose Tattoo verkörperten Tugenden von Reibeisen-Stimme und astreinen Fight-Riffs besser verinnerlicht als kaum jemand anderes.</p> <p>Willkommen zurück auf dem Holy Ground.<br /><br />&nbsp;</p>",https://www.wacken.com/fileadmin/user_upload/Airborn-WOA26.jpg,https://www.wacken.com/fileadmin/_processed_/d/e/csm_Airborn-WOA26_24e9c1f588.jpg,https://www.youtube.com/@Airbournerock,6urzdpGY5yUimWZsgJUoTb,,https://airbournerock.com/home,https://www.facebook.com/airbournerock,https://www.instagram.com/airbourne/,false
alcest,Alcest,alcest,wacken-json,1197,France,,"<p>Stell dir vor, jemand kippt Shoegaze-Nebel über einen Black‑Metal‑Blizzard – mitten auf dem matschigen Wacken-Acker. Genau da wohnen Alcest. Das Projekt von Neige baut seit Jahren Klangwelten aus Frost, Melancholie und schimmernden Gitarren. Blastbeats treffen auf Soundflächen wie Nordlichter. Mit „Les Chants de l’aurore“ bringen sie diese hypnotische Mischung nach Wacken. Könnte der Moment sein, in dem selbst der Circle Pit kurz innehält – bevor er wieder losdreht.</p>",https://www.wacken.com/fileadmin/user_upload/bandimages/bands2026/alcest_26.jpg,https://www.wacken.com/fileadmin/_processed_/d/2/csm_alcest_26_ca67b9d832.jpg,https://www.youtube.com/watch?v=zLzBcfX5Fwg&list=RDzLzBcfX5Fwg,0d5ZwMtCer8dQdOPAgWhe7,,https://alcestmusic.com/,https://www.facebook.com/alcest.official,https://www.instagram.com/alcestofficial/,false
alestorm,Alestorm,alestorm,wacken-json,569,United Kingdom,,"<p>Manche Bands schreiben Hymnen – Alestorm schreiben Flüche in Rum.<br />Sie kippen Folk, Power Metal und Wahnsinn in denselben Kessel und lachen, wenn’s überkocht.&nbsp;<i>“Seventh Rum of a Seventh Rum”</i> ist weniger Album als Trinkgelübde. Zwischen Keytar-Attacken und Shanty-Chören liegt echter Seemannsspaß mit anarchischem Unterton.&nbsp;Ihre Shows sind kein Konzert, sondern ein Sturm, der tanzen kann. Wer sie nüchtern erlebt, hat das Konzept nicht verstanden.</p>",https://www.wacken.com/fileadmin/user_upload/bandimages/bands2026/alestorm_26.jpg,https://www.wacken.com/fileadmin/_processed_/6/d/csm_alestorm_26_9ddf45fa2e.jpg,https://www.youtube.com/watch?v=gS-CtzmQHtc,3OpqU68JpZlzvjAJj3B2Da,,https://alestorm.net/,https://www.facebook.com/alestormband/,https://www.instagram.com/alestormofficial/,false
alfahanne,Alfahanne,alfahanne,wacken-json,1184,Sweden,,"<p>Manche Sachen gehen besonders gut zusammen: Bier und Grill, Holger und Thomas, das W:O:A und ihr! Und dann gibt es diese Verbindung, die sind noch ein bisschen extra special. Wie zum Beispiel der pechschwarze Mix aus Rock’n’Roll und Black Metal, den Alfahanne auf die Piste bringen. Wie es der gute Ton erwartet, stammt der Fünfer aus Schweden und vereint spielend die Elemente der bekanntesten Stile alles Hartmetallischem aus dieser Ecke der Welt. Ein Fest für alle Sinne – vor allem aber die Ohren!&nbsp;</p>",https://www.wacken.com/fileadmin/user_upload/bandimages/bands2026/alfahanne_26.jpg,https://www.wacken.com/fileadmin/_processed_/b/6/csm_alfahanne_26_9c1f0784c4.jpg,https://www.youtube.com/channel/UCLR-kBSvRG-bumCw926u-gA,0DhxBb7HKgksv0K7p3cIFj,,,https://www.facebook.com/alfahanneofficial,https://www.instagram.com/alfahanneofficial_,false
alien-ant-farm,Alien Ant Farm,alien-ant-farm,wacken-json,1198,United States,,"<p>Alien Ant Farm sind der Beweis, dass ein guter Rocksong manchmal einfach ein verdammt guter Rocksong sein muss. Grooves, Hooks und jede Menge Energie – irgendwo zwischen Alternative Rock, Nu Metal und Festivalparty. Klar, das „Smooth Criminal“-Cover kennt jeder. Aber live liefern die Kalifornier viel mehr als Nostalgie: Riffs, Mitsing-Refrains und genug Bewegung, um selbst den staubigsten Wacken-Morgen wachzurütteln.</p>",https://www.wacken.com/fileadmin/user_upload/bandimages/bands2026/alien_ant_farm_26.jpg,https://www.wacken.com/fileadmin/_processed_/a/b/csm_alien_ant_farm_26_f4695d8f52.jpg,https://www.youtube.com/watch?v=CDl9ZMfj6aE&list=RDCDl9ZMfj6aE,6TZdvF1kFzwnQLgHQynzsO,,https://alienantfarm.com/,https://www.facebook.com/alienantfarm,https://www.instagram.com/alienantfarmofficial/,true
alien-rockin-explosion,Alien Rockin Explosion,alien-rockin-explosion,wacken-json,229,Spain,,<p>Der Holy Ground wird wieder einmal extraterrestrisch heimgesucht. Aber keine Sorge diese Aliens kommen mit ganz viel guter Laune und definitiv in Frieden. Als mittlerweile fast schon zum Inventar gehörender Kapelle aus Maschines Late Night Show werden uns die spanischen Außerirdischen mit ihrem Rock’n’Roll in eine andere Galaxy mitnehmen.</p>,https://www.wacken.com/fileadmin/user_upload/bandimages/bands2026/alien_rockin_explosion_26.jpg,https://www.wacken.com/fileadmin/_processed_/a/4/csm_alien_rockin_explosion_26_dba5a44bfe.jpg,https://www.youtube.com/watch?v=9gQihYmh-Tk,2GgqtN4rfpLZosbLI3PnpP,,https://alienrockinexplosion.com,https://www.facebook.com/alienrockinexplosion/,https://www.instagram.com/alienrockinexplosion/,false
allt,Allt,allt,wacken-json,1156,Sweden,,"<p>Für jeden Wacken Fan ist die Sache vollkommen klar – Musik, das ist das, was uns alle verbindet. Kaum etwas ist uns ein höheres Gut. Allt aus Schweden teilen diese Ansicht, nicht nur aufgrund ihres Namens und passen deswegen wie die Faust aufs Auge im nächsten Moshpit. Eine charakterstarke Mischung aus Djent, Metalcore und progressiven Elementen trifft bei Allt auf dystopische Erzählungen und kreiert ein eigenes Soundgewand. Der Fünfer wird definitiv eine Bereicherung für die Geschichtsbücher des Holy Ground werden – eine Wacken-Premiere, die ihr im Auge haben solltet.</p>",https://www.wacken.com/fileadmin/user_upload/Allt-WOA26.jpg,https://www.wacken.com/fileadmin/_processed_/a/f/csm_Allt-WOA26_20072966da.jpg,https://www.youtube.com/channel/UCnIeVbou8giGgw9NtjwSkGw,6YRr0btzGqfQ5K7r23qjEM,,https://shop.alltband.com/,https://www.facebook.com/alltofficial,https://www.instagram.com/alltband/,true
anaal-nathrakh,Anaal Nathrakh,anaal-nathrakh,wacken-json,1138,United Kingdom,,"<p>Anaal&nbsp;nathrakh, urthvas&nbsp;bethad, dokhjel&nbsp;djenve. Sprecht diesen Zauberspruch in einer dunklen Nacht um genau 3 Uhr Nachts zur Teufelsstunde und eine Band aus Birmingham wird vielleicht bei euch im Zimmer erscheinen.</p> <p>Die aus dem Film Excalibur entliehene Beschwörungsformel ist Namensgeber für die britischen Extreme-Metal Veteranen Anaal&nbsp;Natrhakh, die euch mit ihren dunklen Riffs und einnehmenden Sounds ergreifen werden. Traut ihr euch? Dann erscheint zu unserem Ritual!</p>",https://www.wacken.com/fileadmin/user_upload/bandimages/bands2026/AnaalNathrakh1.jpg,https://www.wacken.com/fileadmin/_processed_/c/6/csm_AnaalNathrakh1_1706ff6610.jpg,https://www.youtube.com/watch?v=kzQpiJjdprQ,7vrrJ5YlL3I8XUrh1ktGJV,,,https://www.facebook.com/Anaalnathrakhofficial/?locale=de_DE,https://www.instagram.com/anaalnathrakh/,true
angelus-apatrida,Angelus Apatrida,angelus-apatrida,wacken-json,120,Spain,,"<p>Die heimatlosen Engel kehren zurück in den warmen Schoß des Holy Ground. Nach sechs langen Jahren der Abwesenheit kehrt das spanische Abrissunternehmen zurück nach Wacken – die Werkzeugkiste gut bestückt mit allem, was ordentlich knallt. Mit einem Vierteljahrhundert Banderfahrung wissen die vier Thrasher aus Albacete genau, wann sie euch mit ihren atemraubenden Riffs schön ein mörteln müssen. Nur damit ihr euch selbst wenige Augenblicke später wieder rausmosht. Die Wackener Industrie und Handelskammer hebt den Daumen!</p>",https://www.wacken.com/fileadmin/user_upload/bandimages/bands2026/angelus_apatrida_26.jpg,https://www.wacken.com/fileadmin/_processed_/d/0/csm_angelus_apatrida_26_0bf97316dd.jpg,https://www.youtube.com/watch?v=xb50ooBETEc,3bnPBquC93vbHmamojAf59,,https://angelusapatrida.com/,https://www.facebook.com/angelusapatrida,https://www.instagram.com/angelusapatrida,false
animals-as-leaders,Animals as Leaders,animals-as-leaders,wacken-json,1199,United States,,"<p>Wenn Animals As Leaders loslegen, fühlt sich der Gitarrenunterricht plötzlich an wie ein Science-Fiction-Film. Tosin Abasi zerlegt Rhythmen, baut sie neu zusammen und wirft noch ein paar Djent-Grooves obendrauf. Acht Saiten, kein Sänger, dafür Riffs in allen Dimensionen. Der Kopf versucht mitzuzählen – der Nacken gibt einfach auf und bangt.</p>",https://www.wacken.com/fileadmin/user_upload/bandimages/bands2026/animals_as_leaders26.jpg,https://www.wacken.com/fileadmin/_processed_/2/b/csm_animals_as_leaders26_0a9b3dfbf5.jpg,https://www.youtube.com/watch?v=OJ3f_eiztR0,65C6Unk7nhg2aCnVuAPMo8,,https://animalsasleaders.org/,https://www.facebook.com/animalsasleaders,https://www.instagram.com/animalsasleaders,true
any-given-day,Any given Day,any-given-day,wacken-json,1162,Germany,,"<p>Originale bietet der Ruhrpott praktisch an jeder Ecke. Alleine Gelsenkirchen kann mit Rudi Assauer praktisch eine Papst-gleiche Figur abstellen. Aber auch musikalisch hat die Stadt durchaus Legenden-Material auf der hohen Kante. Any Given Day dürfen sich mit Fug und Recht als wegweisende deutsche Metalcore Band bezeichnen. Die Band um Frontberserker Dennis Diehl vereint die Brutalität des Death Metal mit der Dynamik und Eingängigkeit des Metalcore. Dass die Band im dreizehnten Jahr ihres Bestehens nun endlich ankündigen kann, den Holy Ground zu beehren, beweist nur, Legenden haben einfach kein Pech. Sie sind genau zur richtigen Zeit am richtigen Ort.</p>",https://www.wacken.com/fileadmin/user_upload/Any_given_Day-WOA26.jpg,https://www.wacken.com/fileadmin/_processed_/d/f/csm_Any_given_Day-WOA26_45b0bb14e2.jpg,https://www.youtube.com/watch?v=i2ZMb6jXV7Y,4p6RoajGbtqLSfYZpFxHyU,,https://anygivenday.eu/,https://www.facebook.com/AnyxGivenxDay,https://www.instagram.com/anygivenday,false
arch-enemy,Arch Enemy,arch-enemy,wacken-json,414,Sweden,10th time at Wacken Open Air,"<p>If precision were a religion, Arch Enemy would be its high clergy. <i>“Deceivers”</i> carves veins of rage, control, and exquisite violence. Guitars whirl like blades, drums grind like machines gone feral. Somewhere between order and collapse, they find peace. And once you witness Arch Enemy live you’ll find out: Redemption never whispers – it screams.</p>",https://www.wacken.com/fileadmin/user_upload/bandimages/bands2026/arch_enemy_26c.jpg,https://www.wacken.com/fileadmin/_processed_/c/c/csm_arch_enemy_26c_e1e9c04c76.jpg,https://www.youtube.com/watch?v=CA6YSS_3EI0,0DCw6lHkzh9t7f8Hb4Z0Sx,,https://archenemy.net/,https://www.facebook.com/archenemyofficial,https://www.instagram.com/archenemyofficial,false
arroganz,Arroganz,arroganz,wacken-json,1123,Germany,,"<p>Über ein weites Ödland ergießt sich ein rotglühender, erbarmungsloser Strom heißer Lava. Berge hinunterlaufend tropft diese in eine bodenlose Öffnung, in einen ewig zirkulierenden Strudel. Was das Cover zum neuen Arroganz Album Death Doom Punks beschreibt, ist zeitgleich eine Analogie ihrer Musik und Bühnen-Show. Das Cottbusser Abrisskommando mit einem Magister in schwarzer Magie verzückt nicht nur bereits seit knapp zwei Dekaden die Extrem-Metal-Welt, sondern wird ihr bitterböses Werk auch auf dem Holy Ground verrichten. Herrlich!</p>",https://www.wacken.com/fileadmin/user_upload/bandimages/bands2026/arroganz_26b.jpg,https://www.wacken.com/fileadmin/_processed_/6/f/csm_arroganz_26b_b0fc829592.jpg,https://www.youtube.com/watch?v=LyY2qNS_Hig,7eSVSGjrGmW6f8t21v3gHl,,https://www.arroganz.info,https://www.facebook.com/arroganzgermany,https://www.instagram.com/arroganz666/,true
asrock,Asrock,asrock,wacken-json,119,Germany,,"<p>Mehr local&nbsp;heroes geht nicht! Asrock aus Itzehoe gehen in ihr 14. Jahr als Band. Ihr Motto: Ein Leben für Lärm. Und das ist nicht nur eine leere Phrase, die fünf Norddeutschen nehmen ihr Mantra ernst. Nicht zum ersten und sicherlich auch nicht zum letzten Mal werden uns die Asrocker auf dem Holy Ground einheizen!</p>",https://www.wacken.com/fileadmin/user_upload/bandimages/bands2026/asrock_26.jpg,https://www.wacken.com/fileadmin/_processed_/c/a/csm_asrock_26_85c4a23518.jpg,,,,https://www.asrock.band,https://www.facebook.com/p/AsrockBand-100063632795219/,,false
battlecreek,Battlecreek,battlecreek,wacken-json,1124,Germany,,<p>Ihr Sound erinnert an &nbsp;internationalen Größen wie Testament&nbsp;oder Exodus mit denen sie bereits die Bühne teilten und doch kommen sie aus dem beschaulichen Bayern. BATTLECREEK sind seit über 20 Jahren unterwegs und teilen auch 2026 noch die gleiche Spielfreude wie zu Anfangstagen. Nicht ohne Grund ist das Line-up konstant und in ihrer Diskografie reiht sich Volltreffer an Volltreffer. Für ihre erste W:O:A-Show hat die Truppe bereits die nächsten Hammer in ihr Arsenal gepackt – eure Nacken werden es ihnen danken!</p>,https://www.wacken.com/fileadmin/user_upload/Battlecreek-WOA26.jpg,https://www.wacken.com/fileadmin/_processed_/5/e/csm_Battlecreek-WOA26_ebdf45051d.jpg,https://www.youtube.com/channel/UCrdheXlf5jSUvu2udPAprxw,2wUKcOuW5xBpCKxnWOoxnI,,https://battlecreek.de/,https://www.facebook.com/BattlecreekThrash/,https://www.instagram.com/battlecreek_thrash/?hl=de,true
bear-mccreary,Bear McCreary,bear-mccreary,wacken-json,1200,United States,,"<p>Was verbindet Terminator, Metal und die Emmy Awards? In Bear McCreary finden sie ihren kreativen gemeinsamen Nenner. Der preisgekrönte Soundtrack-Komponist bringt seine musikalische Magie auf die Bühnen des W:O:A und stellt unter Beweis, dass er mit seinem Album „The Singularity“ nicht nur die symphonischen Töne, sondern auch die harten Töne bestens beherrscht. Was im Rahmen seiner „Themes &amp; Variations“-Tour letztes Jahr begann, wird auf dem Holy Ground meisterhaft fortgeführt. Lasst euch überraschen…</p>",https://www.wacken.com/fileadmin/user_upload/bandimages/bands2026/bear_mccreary_26b.jpg,https://www.wacken.com/fileadmin/_processed_/a/e/csm_bear_mccreary_26b_802dfd47bf.jpg,https://www.youtube.com/watch?v=Cl0o_ArdldA,,,https://bearmccreary.com/,https://www.facebook.com/BearMcCrearyOfficial/#,https://www.instagram.com/bearmccreary/,true
blaas-of-glory,Blaas of Glory,blaas-of-glory,wacken-json,234,Netherlands,,"<p>Ohren gespitzt und Augen auf! Bald marschieren BLAAS OF GLORY wieder mit sexy Schneetiger-Leggins, wilden Perücken und jeder Menge guter Laune über den Holy Ground. Die Niederländischen Partylöwen mit Gitarre, Akkordeon, Pauke, Klarinette, Tuba und Percussion passen perfekt zu unserem Jubiläumsmotto. Wenn der Tambourmajor mit seiner Crew Alice Cooper in Walzer, KISS in Country und Van Halen in Rumba verwandelt, wisst ihr Bescheid: Party on!</p>",https://www.wacken.com/fileadmin/user_upload/bandimages/bands2026/blaas_of_glory_26.jpg,https://www.wacken.com/fileadmin/_processed_/e/5/csm_blaas_of_glory_26_f53a31927e.jpg,https://www.youtube.com/watch?v=EqgoDXAyUD4&list=RDEqgoDXAyUD4,3qjpqpwTo3qdYJ3GjQ84GR,,https://blaasofglory.nl/,https://www.facebook.com/blaasofglory,https://www.instagram.com/blaasofglory,false
black-label-society,Black Label Society,black-label-society,wacken-json,1164,United States,,"<p>Zakk Wylde trägt sein Herz wie eine Waffe: offen, schwer und ehrlich.<br />Black Label Society ist Whiskey, Schweiß und Gebet in Drop-C.<br /><i>“Doom Crew Inc.”</i> atmet bluesige Wut, doch unter der Asche glüht Hoffnung.<br />Jede Note klingt nach Dreck, jeder Refrain nach Himmel.<br />Es ist Musik für Menschen, die gelernt haben zu fallen – und trotzdem zu stehen.<br />Denn Schmerz war hier schon immer Teil des Akkords.</p>",https://www.wacken.com/fileadmin/user_upload/bandimages/bands2026/Blacl_Label_Society_26.jpg,https://www.wacken.com/fileadmin/_processed_/d/4/csm_Blacl_Label_Society_26_315019e5cb.jpg,https://www.youtube.com/watch?v=OdNhhCWPA7g,zfT626RwO6zN3RDYeRit5,,https://blacklabelsociety.com/,https://www.facebook.com/blacklabelsociety,,false
black-tish,Black Tish,black-tish,wacken-json,906,Belgium,,"<p>Sie gelten als das fehlende Bindeglied zwischen Einstürzende Neubauten und Bands wie Nine Inch Nails oder Ministry. Black Tish, 1988 in Belgien gegründet, veröffentlichten 2023 ihr Debütalbum und sind nun bereit, der Welt zu zeigen, was in ihnen steckt. Zusammen mit „Moth Quantum“ präsentieren sie im Holy Ground eine echte Weltpremiere. Sei dabei!</p>",https://www.wacken.com/fileadmin/user_upload/bandimages/bands2026/black_tish_26.jpg,https://www.wacken.com/fileadmin/_processed_/c/6/csm_black_tish_26_9887b0d604.jpg,https://www.youtube.com/watch?v=JncZwbxIw60,3zgdqcPEdYpDTSCsyjXePd,,https://blacktish.com/,https://www.facebook.com/profile.php?id=100052147722201,,false
bleed-from-within-1,Bleed From Within,bleed-from-within-1,wacken-json,527,United Kingdom,,"<p>Aus Glasgow, wo Regen und Beton eins sind, kommt ihr metallischer Herzschlag.<br />Bleed From Within spielen nicht – sie konstruieren Wände aus Klang.<br /><i>“Shrine”</i> war ihr Gebet aus Schweiß, Präzision und Rebellion.<br />Sie beherrschen die Balance zwischen Raserei und Struktur wie kaum jemand sonst.<br />Jeder Song wirkt gebaut, nicht geschrieben – mit Schrauben aus Feuer.<br />Und wenn der Breakdown fällt, fällt die Welt mit.&nbsp;</p>",https://www.wacken.com/fileadmin/user_upload/bandimages/bands2026/bleed_from_within_26.jpg,https://www.wacken.com/fileadmin/_processed_/c/6/csm_bleed_from_within_26_c38f26c402.jpg,https://www.youtube.com/watch?v=aEW7EDECQRU,5ZvwJikDgdP1PFU4PkAPVG,,https://bleedfromwithin.com,https://facebook.com/bleedfromwithinband,https://instagram.com/bleedfromwithin,false
blood-command,Blood Command,blood-command,wacken-json,1157,Norway,,"<p>RoboCop, Commando, Red Dawn, Blood Command.&nbsp;In diese Liste, die wie eine Aufzählung von Filmen klingt, die seit mehr als 25 Jahren warten, von euch in die Videothek zurückgebracht zu werden, hat sich allerdings ein Intruder eingeschlichen.<br />Blood Command machen keinen Hehl aus ihrem Faible für kitschige Namen von 80er Jahre Horrorfilmen. Diese kreuzen sie mit schnellem Hardcore-Punk und einer ganzen Menge Charisma. Ein Rezept, das bereits seit mehr als 17 Jahren schmeckt. Wieso sollte man also etwas verändern, das sowieso gut funktioniert? Willkommen auf dem Holy Ground!</p>",https://www.wacken.com/fileadmin/user_upload/Blood_Command-WOA26.jpg,https://www.wacken.com/fileadmin/_processed_/e/8/csm_Blood_Command-WOA26_f82b942e22.jpg,https://www.youtube.com/channel/UC1Q_rCodQQH1a5YzAXHzPJw,4WfUbvICLrqPW9rzuNGS1f,,,https://www.facebook.com/Bloodcommand/?locale=de_DE,https://www.instagram.com/bloodcommand/,true
blood-fire-death,Blood Fire Death,blood-fire-death,wacken-json,1158,,A tribute to Bathory / Germany exclusive,"<p>Ehre, wem Ehre gebührt! 22 Jahre nach dem Tod der Legende ergreift eine weitere schillernde Persönlichkeit der skandinavischen Black Metal Szene den Staffelstab des glühenden Höllenfeuers, dass Quorthon einst entfachte und lässt das Feuer von Neuem lodern.<br />Mit Blood Fire Death zollt Watain Hohepriester Erik Danielsson dem Erfinder des Schaurigen und Dunklen Respekt und setzt Bathory das Denkmal, das ihnen sowieso schon gebührt.<br />Zwischen Viking- und Black Metal hat sich Bathory tief in die Geschichtsbücher des Heavy Metal gebrannt. Ein absolutes Muss für jeden Metal-Fan! Für eine exklusive Deutschland Show begeben sie sich auf den Weg nach Wacken – was für eine Ehre, wir können es kaum abwarten!</p>",https://www.wacken.com/fileadmin/user_upload/Blood_Fire_Death-WOA26.jpg,https://www.wacken.com/fileadmin/_processed_/5/d/csm_Blood_Fire_Death-WOA26_c420b03929.jpg,https://music.youtube.com/playlist?list=OLAK5uy_l3YWRhSGENiAMsTSaHhHg9goBR1KMciyE,2QVt9UZEloRJgYqE70ACPs,,,,https://www.instagram.com/bloodfiredeathtribute?igsh=MWc2Zng3aGJiZXZsbg==,true
blood-red-throne,Blood Red Throne,blood-red-throne,wacken-json,1125,Norway,"""Altered Genesis"" Set","<p>Seid dabei wenn die Tore der Hölle sich wieder öffnen und Blood Red Throne ihren rechtmäßigen Platz einfordern. Nach ihrem ersten Gastspiel auf unserem Acker, das bereits mehr als zehn Jahre zurückliegt, kehren die fünf Death Metal Großkaliber zurück nach Wacken um mit ihrem Altered Genesis Set Angst und Schrecken zu verbreiten. Während ihr noch mit Schreck verzerrtem Gesicht in den Pit gesaugt werdet, hauen euch die Norweger ihre Serenaden aus Horror, Mord und Totschlag um die Ohren. Einfach herrlich oder?</p>",https://www.wacken.com/fileadmin/user_upload/bandimages/bands2026/blood_red_throne26.jpg,https://www.wacken.com/fileadmin/_processed_/0/a/csm_blood_red_throne26_98867522b5.jpg,https://www.youtube.com/channel/UCib0fhW5fQS00H_gMmmN7CA,38shFuJO9k0kOEQSf854u4,,https://bloodredthrone.com/,https://www.facebook.com/BloodRedThroneOfficial/,https://www.instagram.com/bloodredthroneofficial,true
broken-by-the-scream,Broken By The Scream,broken-by-the-scream,wacken-json,1137,Japan,,<p>Don’t judge a book by its cover!&nbsp;Die japanische Idol Gruppe tritt die Reise nach Wacken an um euch niederzufetzen und sehen dabei wie Vollprofis aus. Die Mischung aus knallhartem Metalcore und Anime-Cuteness wirkt wie eine neu erfundene Symbiose zwischen Hello Kitty und Bulldozer. Niemand ist too tough für Kawaii – &nbsp;Broken by the Scream beweisen das.</p>,https://www.wacken.com/fileadmin/user_upload/Broken_By_The_Scream-WOA26.jpg,https://www.wacken.com/fileadmin/_processed_/6/5/csm_Broken_By_The_Scream-WOA26_8ad83f8245.jpg,https://www.youtube.com/channel/UCwlS2fIivj-8g8Tk4dg7Fgw,0QJjaDqswcLyjDOgcBBf1Z,,https://www.brokenbythescream.jp/,https://www.facebook.com/BrokenByTheScream.jp,https://www.instagram.com/brokenbythescream_koushiki/,true
brunhilde,Brunhilde,brunhilde,wacken-json,615,Germany,,"<p>Die vier Fürther sind so kämpferisch und zielstrebig wie die namensgebende Heldin aus der Nibelungensage. BRUNHILDE haben auf ihrem eigenen Label Mitte des Jahres das fünfte Album „In Love Your’s Hate“ veröffentlicht, worauf sie von Liebe und Hass sowie dem erbitterten Kampf für das Streben nach Freiheit erzählen. Frontfrau Caro weiß genau, wie sie das Beste aus den Welten Punk, Hard Rock und Metal mit ihrer sympathischen Art verbindet – wir freuen uns auf das Wiedersehen beim W:O:A.</p>",https://www.wacken.com/fileadmin/user_upload/bandimages/bands2026/brunhilde_26.jpg,https://www.wacken.com/fileadmin/_processed_/b/4/csm_brunhilde_26_489882e4fb.jpg,https://www.youtube.com/watch?v=7aRfbNWg0JM,0J0ZiqA0aDxmkQye4wohwb,,https://www.brunhilde.de/,https://www.facebook.com/Brunhilde-477070609096438/,https://www.instagram.com/brunhilderocks/,false
castle-rat,Castle Rat,castle-rat,wacken-json,1165,United States,,"<p>Bin ich hier richtig beim neuesten heißen Scheiß, oder nur beim Probelauf für Legendenstatus?&nbsp;Irgendwo zwischen Albtraum und Oper liegt das Königreich von Castle Rat.&nbsp;Ihre Doom-Rituale riechen nach Weihrauch, Schweiß und Nebel überm Gruselmoor.<br />Auf der Bühne metzeln sie den überdimensionalen Rattenlord – immer wieder, immer lauter. Ihre Gitarren schleppen Schwerter, ihre Vocals tragen Flüche. Fantasy trifft Finsternis, und jede Show fühlt sich an wie ein Bossfight. Wer sie einmal sieht, bleibt ewig verflucht – im besten Sinn.</p>",https://www.wacken.com/fileadmin/user_upload/bandimages/bands2026/castle_Rat_26.jpg,https://www.wacken.com/fileadmin/_processed_/f/3/csm_castle_Rat_26_29b54db683.jpg,https://www.youtube.com/watch?v=xp-8USQQc1Q,2g5gjeZJLGcWPAF0o9KdJj,,https://castlerat.com/,https://www.facebook.com/castleratband,https://www.instagram.com/castle.rat,true
chaosbay,Chaosbay,chaosbay,wacken-json,1166,Germany,,"<p>Vom Osten der Republik in den Hohen Norden – Chaosbay sind bereit für Runde zwei auf dem Wackener Acker. Seid ihr auch bereit für eine Runde halsbrecherischer Taktwechsel, brutaler Breaks und süchtig machenden Choruses? Dann habt ihr Glück, denn die Leipziger Formation bringt nicht nur ihr aktuelles Album Are You Afraid? mit, sondern auch eine Bühnen-Show, die sich gewaschen hat. Der Mix des Vierers klingt auch nach über zehn Jahren Bestehen immer noch frisch und neu – ein Jungbrunnen der ganz besonderen Art also.</p>",https://www.wacken.com/fileadmin/user_upload/bandimages/bands2026/chaos_bay_26.jpg,https://www.wacken.com/fileadmin/_processed_/c/8/csm_chaos_bay_26_6d40a05540.jpg,https://www.youtube.com/watch?v=MrjMlHpTpHU,7GNTvmIi6DDF2XDJKYKoUk,,,https://www.facebook.com/chaosbay,https://www.instagram.com/chaosbayofficial,false
corrosion-of-conformity,Corrosion of Conformity,corrosion-of-conformity,wacken-json,1178,United States,,"<p>Bei CORROSION OF CONFORMITY brodelt es gerade mächtig – im positiven Sinne. Das US-amerikanische Quartett war mit Judas Priest und Alice Cooper auf großer Tour, arbeitet an einem neuen Studioalbum für 2026 und jüngst ist Stanton Moore wieder festes Mitglied, nachdem die Band den Verlust von Schlagzeuger Reed Mullin verarbeiten musste. Voller Kraft und unbeirrt wird nach Vorne geschaut! Konformität? Fehlanzeige! Dafür ist die Stahlschmiede um Pepper Keenan zu vielseitig, ambitioniert und kreativ!</p>",https://www.wacken.com/fileadmin/user_upload/bandimages/bands2026/corrosion_of_conformity_26.jpg,https://www.wacken.com/fileadmin/_processed_/0/b/csm_corrosion_of_conformity_26_8ba7dabe09.jpg,https://www.youtube.com/watch?v=pEj_XtkDRFU,1BBIIH0h76KN8gYeXFcPjR,,https://www.corrosionofconformity.com,https://www.facebook.com/corrosionofconformity,https://www.instagram.com/coccabal/,true
cowgirls-from-hell,Cowgirls From Hell,cowgirls-from-hell,wacken-json,1232,United Kingdom,,"<p>Birmingham, Brutkasten des Heavy Metal. Hier wird der Hartstahl bereits mit der Muttermilch aufgesogen. Nur so sind Legenden wie Ozzy, Rob Halford oder aber die Cowgirls From Hell zu erklären. Angetreten, um uns in die 5 Buchstaben zu treten ist ein DJ Set der beiden Britinnen nicht einfach nur ein DJ Set. Es ist eine wilde Achterbahnfahrt durch alles, was knallt und den Nacken zum Rotieren animiert. Wenn die Cowgirls mit euch fertig sind, braucht ihr unbedingt eine Woche im Sauerstoffzelt. Garantiert!</p>",https://www.wacken.com/fileadmin/user_upload/bandimages/bands2026/cowgirls_from_hell_26.jpg,https://www.wacken.com/fileadmin/_processed_/4/0/csm_cowgirls_from_hell_26_30a60185cc.jpg,,,,,,https://www.instagram.com/cowgirlsfromhell_djs/,true
craft,Craft,craft,wacken-json,1176,Sweden,,"<p>Jetzt wird es pechschwarz und eiskalt – Craft bahnen sich ihren Weg aus dem hohen Norden Schwedens in den hohen Norden Deutschlands.</p> <p>Mitbringen werden sie Hymnen voller eiskalter Schönheit und Vocals, die uns das Blut in den Adern gefrieren lassen. Wenn Black Metal ein Getränk wäre, dann wären Craft alles was knallt und mit viel Eis!&nbsp;</p>",https://www.wacken.com/fileadmin/user_upload/bandimages/bands2026/Craft_cropped_size_-_photo_by_Soile_Siirtola.jpg,https://www.wacken.com/fileadmin/_processed_/8/d/csm_Craft_cropped_size_-_photo_by_Soile_Siirtola_fabe03b40f.jpg,https://www.youtube.com/watch?v=7jI_KDkWP4E,0hkIlpV0isEixFIr74VfZm,,https://craftblackmetal.com/,https://www.facebook.com/craftblackmetal/,https://www.instagram.com/craftblackmetal/,true
crematory,Crematory,crematory,wacken-json,40,Germany,35th Anniversary Show,"<p>Im Hause CREMATORY ist derzeit mächtig was los. Ihr aktuelles Studioalbum „Destination“ bescherte der Band den bisher höchsten Charteinstieg in den Top-10 der deutschen Charts, woraufhin das Quintett auf Deutschland-Tour ging und ihren genreprägenden Katalog mit Alben wie „Illusions“ oder „Awarke“ neu veröffentlichte. Eine Verneigung vor der Vergangenheit und gleichzeitig ein klarer Schritt nach vorne. Der nächste Stopp ist in Wacken, wo die Gothic Metal-Pioniere zum neunten Mal ihre düsteren Songs zum Besten geben. So können die Feierlichkeiten anlässlich des 35. Bandjubiläums losgehen.</p>",https://www.wacken.com/fileadmin/user_upload/bandimages/bands2026/crematory_26.jpg,https://www.wacken.com/fileadmin/_processed_/7/c/csm_crematory_26_8ae2e22d82.jpg,https://www.youtube.com/watch?v=lMqgLBUiS-w,4q2uhIfBHCNlwXYvQdnzvS,,https://www.crematory.de,https://www.facebook.com/crematory.de,https://www.instagram.com/crematory.de,false
crimson-glory,Crimson Glory,crimson-glory,wacken-json,1126,United States,,"<p>Crimson Glory klingen, als hätte man Träume aus Chrom gegossen. Ihr <i>“Transcendence”</i> ist bis heute ein Lehrstück in Drama, Pathos und Präzision. Masken, Mythen, Melodien – sie spielen mit dem Überirdischen, ohne den Boden zu verlieren. Jede Note wirkt wie ein Gebet an den Kosmos, jedes Solo wie ein Riss im Himmel. Sie sind Melancholie mit Federhut, Theatralik mit Rückgrat. Und wer sie versteht, hört mehr als Musik – er hört Größe.</p>",https://www.wacken.com/fileadmin/user_upload/bandimages/bands2026/crimson_glory_26.jpg,https://www.wacken.com/fileadmin/_processed_/8/2/csm_crimson_glory_26_59c22b790e.jpg,https://www.youtube.com/channel/UCvEE8_lVdKU__LIsQgdbmDg,2B73nUiRlcSwjTyVaIAwhR,,https://theofficialcrimsonglory.com/,https://www.facebook.com/crimsonglory/,,true
cruachan,Cruachan,cruachan,wacken-json,1201,Ireland,,"<p>Wenn der Holy Ground bebt und zum Schlatfeld wird, dann sind die Iren Cruachan nicht weit. Die Folk Metal Veteranen rufen seit mehr als 30 Jahren uns Metalheads zu den Waffen und Metkrügen – denn wer sich im Moshpit die Sporen verdient, der hat danach auch jedes Recht bei einem Kaltgetränk den sanfteren Tönen zu lauschen, die die keltischen Inselbewohner ebenso beherrschen. Wir verneigen uns vor echten Legenden und können es kaum erwarten, unsere Bärte gemeinsam im Wind wehen zu lassen!</p>",https://www.wacken.com/fileadmin/user_upload/bandimages/bands2026/cruachan_26.jpg,https://www.wacken.com/fileadmin/_processed_/4/0/csm_cruachan_26_fe9f62c6a3.jpg,https://www.youtube.com/watch?v=mibB2SnmqhE,6QpbkfyEQJ3JiQw2AbTRUH,,https://www.cruachanireland.com,https://www.facebook.com/cruachanclan/,https://www.instagram.com/cruachan_official/,true
crypt-sermon,Crypt Sermon,crypt-sermon,wacken-json,1127,United States,,"<p>Ein mächtiges Kreuz, Spinnweben und ein Totenkopf zieren das Backdrop von CRYPT SERMON. Kein Wunder, denn die US-Amerikaner um Sänger Brooks Wilson spielen epischen Doom Metal und predigen in ihren meist epischen Songs von dunklen Geschichten und verwunschenen Legenden. Am Wasted Wednesday bringen sie diese düstere Atmosphäre auf den Holy Ground. Stimmt eure Luftgitarren einen Ton tiefer und gebt den schleppenden, rauen Klängen ihren Raum – Bühne frei für CRYPT SERMON.</p>",https://www.wacken.com/fileadmin/user_upload/bandimages/bands2026/crypt_sermon_26.jpg,https://www.wacken.com/fileadmin/_processed_/4/4/csm_crypt_sermon_26_25a80f0eed.jpg,https://www.youtube.com/watch?v=Y3XyvoVLdhk&list=RDY3XyvoVLdhk,363ih5wuNGWBFcjeKFG8cc,,https://www.cryptsermon.com/,https://www.facebook.com/CryptSermon/,https://www.instagram.com/cryptsermon/,true
cursed-abyss,Cursed Abyss,cursed-abyss,wacken-json,1202,Germany,Founded at Wacken Music Camp,"<p>Metal bringt die Menschen zusammen und zieht sie dann nach Wacken auf den Holy Ground. Im Falle von Cursed Abyss könnten wir sogar von ganz direkter Starthilfe sprechen: Der Hamburger Fünfer, der sich ganz den brutalsten Sounds verschrieben hat, die es im extremem Bereich des Metal so gibt, gründete sich 2022 beim Wacken Music Camp. Und genau auf diesen Acker kehren die jungen Metalheads wieder zurück, um uns mit ihrem aktuellen Album Rot In Existence eine ordentliche Breitseite zu verpassen. Wenn euch jemals jemand fragen sollte wie Wacken klingt? Genau so!</p>",https://www.wacken.com/fileadmin/user_upload/bandimages/bands2026/cursed_abyss_26.jpg,https://www.wacken.com/fileadmin/_processed_/e/d/csm_cursed_abyss_26_924d9b9653.jpg,https://www.youtube.com/watch?v=UwL2njZirxo,18inV5ouPlVcntsdYFWwiJ,,,,https://www.instagram.com/cursed_abyss_/,false
danko-jones,Danko Jones,danko-jones,wacken-json,368,Canada,,"<p>Mit ihrem brandneuen Album „Leo Rising“ setzen die kanadischen Rocker DANKO JONES die eigene Messlatte erneut ein Stück höher und beweisen, dass sie auch knapp 2 Jahrzehnte nach der Bandgründung noch voller Power stecken. Nicht ohne Grund ist das Trio bereits für die Juno Awards (die kanadischen Grammy Awards) nominiert worden und schart weltweit eine treue Fangemeinde um sich. Pommesgabel in die Höhe: Das wird ein punkiges, metallisches und bluesiges Donnerwetter auf dem Holy Ground.</p>",https://www.wacken.com/fileadmin/user_upload/bandimages/bands2026/danko_jones_26.jpg,https://www.wacken.com/fileadmin/_processed_/d/e/csm_danko_jones_26_3405a63446.jpg,https://www.youtube.com/watch?v=ndigVPHyysI,7CGoviGsNXYmGOBkXk8dtW,,https://www.dankojones.com/,https://www.facebook.com/dankojones,https://www.instagram.com/danko_jones/,false
deafheaven,Deafheaven,deafheaven,wacken-json,1203,United States,,"<p>Deafheaven klingen, als würde ein Black‑Metal-Sturm durch eine Wand aus Shoegaze-Nebel brechen. Blastbeats, große Gitarrenflächen und diese seltsame Mischung aus Chaos und Schönheit. Ihre Songs können gleichzeitig wie ein Gewitter und wie Sonnenlicht durch Wolken wirken. Auf Wacken dürfte das ziemlich spektakulär aussehen – irgendwo zwischen Sturmfront und Gänsehaut.</p>",https://www.wacken.com/fileadmin/user_upload/bandimages/bands2026/deafheaven_26.jpg,https://www.wacken.com/fileadmin/_processed_/1/0/csm_deafheaven_26_4d801d532f.jpg,https://www.youtube.com/watch?v=2h_WVPSoMwU,4XpPveeg7RuYS3CgLo75t9,,https://www.deafheavenuk.com/,https://www.facebook.com/deafheaven/,https://www.instagram.com/deafheavenband/,true
def-leppard,Def Leppard,def-leppard,wacken-json,1128,United Kingdom,,"<p>Braucht noch jemand Haarspray? Für das W:O:A braucht ihr definitiv mehr davon, wenn ihr den Style dieser Legenden wollt: Def Leppard beehren den Holy Ground! Gegründet 1977 in Sheffield, England werden sie in den 80ern zu einem globalen Rockphänomen – bis heute gelten sie als Ikonen des melodischen Hard Rock! Mit Alben wie Pyromania (1983) und dem Diamanten Hysteria (1987) perfektionieren sie den Mix aus harten Riffs gepaart mit Pop Charme. Sie zeigen trotz Rückschlägen Beständigkeit – und sind Veteranen einer Zeit, der viele hinterhertrauern. Wenn Def Leppard die Bühne betritt, fühlt es sich an, als wären wir wieder in den 80ern, die Haare hoch, die Leggings eng und der Zucker griffbereit.&nbsp;</p>",https://www.wacken.com/fileadmin/user_upload/Def_Leppard-WOA26.jpg,https://www.wacken.com/fileadmin/_processed_/3/4/csm_Def_Leppard-WOA26_27e5f4ed42.jpg,https://www.youtube.com/channel/UCZjBqZjGsmI5OAVsLSroaWQ,6H1RjVyNruCmrBEWRbD0VZ,,https://defleppard.com/,https://www.facebook.com/defleppard,https://www.instagram.com/defleppard/,true
diabolisches-werk,Diabolisches Werk,diabolisches-werk,wacken-json,1194,Germany,,"<p>Des Teufels Werk begann vor ein paar Jahren mit einem blutverschmierten Logo, finsteren Gedanken und einer gehörigen Portion bretternder Death&nbsp;Metal-Riffs. Heute nutzen wir die Gunst der pechschwarzen Stunde und kündigen DIABOLISCHES WERK zum Wasted Wednesday an. Überzeugt euch selbst vom Können des Vierers aus Kiel, wenn sie euch um den Verstand knüppeln und mit der gewetzten Sense auf die böse Seite der Macht ziehen.</p>",https://www.wacken.com/fileadmin/user_upload/bandimages/bands2026/diabolisches_werk_26.jpg,https://www.wacken.com/fileadmin/_processed_/8/3/csm_diabolisches_werk_26_584e2240f9.jpg,https://www.youtube.com/watch?v=l5ianco6vSU&list=RDl5ianco6vSU,0mdu8tTvytKczjlIVh78oJ,,,https://www.facebook.com/DiabolischesWerk,https://www.instagram.com/diabolisches_werk,false
dieter-maschine-birr,"Dieter ""Maschine"" Birr",dieter-maschine-birr,wacken-json,1204,Germany,,"<p>Ostdeutschen Metalheads wird „Maschine“ zwangsläufig in ihrem Leben das ein oder andere Mal begegnet sein. Als Frontman der ikonischen Puhdys durfte er in keiner gut sortierten Amiga Sammlung fehlen. Aber auch Westdeutsche Connaisseurs können mit dem Namen Dieter Maschine Birr viel anfangen. Die Legende ist seit Jahren solo unterwegs und das Wacken Open Air wäre nicht das Wacken Open Air, wenn sie diesen Poeten mit den lauten und manchmal leisen Zwischentönen nicht auch auf dem Acker haben wollen würde. Das wird legendär oder um es mit Doro zu sagen:&nbsp; When East meets West…!</p>",https://www.wacken.com/fileadmin/user_upload/bandimages/bands2026/dieter_maschine_birr_26b.jpg,https://www.wacken.com/fileadmin/_processed_/e/5/csm_dieter_maschine_birr_26b_a569706c0c.jpg,https://www.youtube.com/watch?v=Yg6B8tE9qbs,05K6aFMiBdDWGP1PhQtfIH,,https://dieter-maschine-birr.de,https://www.facebook.com/dietermaschinebirr/,https://www.instagram.com/dieter_maschine_birr/,false
dirty-shirt,Dirty Shirt,dirty-shirt,wacken-json,113,Romania,,<p>Flecken auf dem Shirt? Ärgerlich. Dirty Shirt auf dem W:O:A? Einfach nur herrlich. Die Rumänen haben mittlerweile fast 30 Lenzen auf dem Buckel und sind trotzdem immer noch einer der heißesten musikalischen Exportschlager aus dem europäischen Staat mit der sechstgrößten Bevölkerung. Ihr eigenwilliger Mix aus verschiedensten Elementen aus dem Hard und Heavy Bereich bescherte der Band den zweiten Platz bei den Wacken Metal Battles 2014. Zeit also endlich auf den Holy Ground zurückzukehren. Da können wir doch gut und gerne über ein paar Flecken auf unseren Textilien hinwegsehen oder?</p>,https://www.wacken.com/fileadmin/user_upload/bandimages/bands2026/dirty_Shirt_26.jpg,https://www.wacken.com/fileadmin/_processed_/8/d/csm_dirty_Shirt_26_d6b1aa60da.jpg,https://www.youtube.com/watch?v=opWRDfHWV6Q,7lnoKzE5unKzShIzkjlTX7,,,https://www.facebook.com/DirtyShirtRomania/,https://www.instagram.com/dirtyshirtband/,false
divlje-jagode,Divlje Jagode,divlje-jagode,wacken-json,1170,Bosnia and Herzegovina,,"<p>Divlje Jagode sind wohl das, was Chronisten als Zeitzeugen bezeichnen würden. Die bosnische Band um Beinahe Whitesnake Gitarristen Zele Lipovaca zelebriert seit über 40 Jahren klassischen Hardrock – auch wenn sich um sie herum oftmals die Welt rasant gedreht hat. Tito, der Zusammenbruch Jugoslawiens und der Balkankrieg, all das konnte Divlje Jagode nie etwas anhaben. Und so stehen sie 2026 zum ersten Mal auf der Bühne in Wacken. Ein weiterer Meilenstein in einer bewegten Bandgeschichte – kurz bevor ein Jahr später das 50. (!) Bandjubiläum ansteht. Willkommen in Wacken!</p>",https://www.wacken.com/fileadmin/user_upload/bandimages/bands2026/divlje_jagode_26.jpg,https://www.wacken.com/fileadmin/_processed_/5/0/csm_divlje_jagode_26_e0a2c64203.jpg,https://www.youtube.com/watch?v=lOjHcWcogTE,6mMlq8oWkHZwC2rd2RZbYF,,https://divlje-jagode.com/,https://www.facebook.com/divljejagodeofficialpage,https://www.instagram.com/divlje_jagode_official,true
dritte-wahl,Dritte Wahl,dritte-wahl,wacken-json,1167,Germany,,"<p>Dritte Wahl sind keine Nostalgie – sie sind der Tritt in die Jetztzeit.<br />Ihr Punk ist gewachsen, aber nie gezähmt.&nbsp;Texte, die bluten, aber nicht jammern, Refrains, die mehr wissen als sie schreien. Diese Band ist der Beweis, dass Haltung lauter ist als jede Verzerrung.&nbsp;Jede Bühne wird zur Straßenecke, jede Crowd zur Bewegung.<br />Punk mit Rückgrat – weil Schweigen immer die schlechtere Wahl ist.</p>",https://www.wacken.com/fileadmin/user_upload/bandimages/bands2026/Dritte_Wahl_26.jpg,https://www.wacken.com/fileadmin/_processed_/f/8/csm_Dritte_Wahl_26_89eac3e241.jpg,https://www.youtube.com/watch?v=_QxEHtKlVAo,7zhSE4Ry047wUsemXtAzq9,,https://drittewahl.de/,https://www.facebook.com/drittewahl,https://www.instagram.com/dritte.wahl/,false
dubioza-kolektiv,Dubioza Kolektiv,dubioza-kolektiv,wacken-json,1179,Bosnia and Herzegovina,,"<p>Das Leben macht Spaß – und das wollen wir mit euch auf dem W:O:A feiern! Grund genug die Dub-Band DUBIOZA KOLEKTIV aus Bosnien und Herzegowina als Stimmungsmacher willkommen zu heißen. Percussion, Akkordeon, Gitarre und jede Menge gute Laune bringen euch zum Tanzen. Auch über 20 Jahre nach der Veröffentlichung des selbstbetitelten Debütalbums ist die Mischung aus Punk, Ska, Rock und vielen weiteren Stilen noch voller Energie und zeigt, dass der Balkan bestens zu Wacken passt.</p>",https://www.wacken.com/fileadmin/user_upload/bandimages/bands2026/dubioza_kollektiv26.jpg,https://www.wacken.com/fileadmin/_processed_/e/8/csm_dubioza_kollektiv26_190126a762.jpg,https://www.youtube.com/watch?v=FZZJeMKJV3M,02IFYoziC7CpQRK8fbehUY,,https://dubioza.org,https://www.facebook.com/dubioza,https://www.instagram.com/dubiozagram,true
end,E.N.D.,end,wacken-json,1226,Croatia,Metal Battle Balkan Regions,"<p class=""text-justify"">E.N.D. (Evil Never Dies) ist eine Tech-Groove-Metal/Hardcore-Band aus Zadar, Kroatien. Gegründet 1996, zählt sie zu den dienstältesten und unbeirrbarsten Namen des kroatischen Metal-Undergrounds – und feiert 2026 beim Wacken Open Air ihr 30-jähriges Bestehen.</p> <p class=""text-justify"">Im Zentrum der Band stehen die Brüder Alen und Davor Babin. Hunderte Shows später haben sie unter anderem Testament, Decapitated, The Ocean, Municipal Waste, God Dethroned, Negură Bunget und Xentrix supportet. Veteranen von Brutal Assault, Metalcamp, Euroblast und Monte Paradiso, kommen E.N.D. mit einer Überraschung nach Wacken: einem vierköpfigen Line-up mit zwei Bässen, das ihnen den Sieg sicherte. Fans von Meshuggah, Bury Your Dead, The Haunted oder After The Burial sollten sich das nicht entgehen lassen.</p>",https://www.wacken.com/fileadmin/user_upload/bandimages/bands2026/end_26.jpg,https://www.wacken.com/fileadmin/_processed_/f/a/csm_end_26_cc8178d602.jpg,https://www.youtube.com/watch?v=NAKCAswHjXE,7cJcHV7KcFh4BT9OCUjC44,,,https://www.facebook.com/endbandmetal,https://www.instagram.com/endbandmetal,true
einherjer,Einherjer,einherjer,wacken-json,352,Norway,,"<p>Was für Vikinger Walhalla ist, ist für uns Metalheads der Holy Ground. Für manche geht sogar beides irgendwie zusammen.<br />Einherjer sind so etwas wie die Schutzpatronen all jener, die sowohl den Holy Ground (ver-) ehren, als auch einen Eintritt nach Walhalla ersehnen.<br />Musikalisch irgendwo zwischen Folk, Metal und einer gewissen gesanglichen Extravaganz, ist die Band bereits seit 2004 auf großer Suche.</p> <p>Und wer weiß: Vielleicht ist ja der Holy Ground das, was sie schon so lange sucht – Walhalla!</p>",https://www.wacken.com/fileadmin/user_upload/Einherjer-WOA26.jpg,https://www.wacken.com/fileadmin/_processed_/c/2/csm_Einherjer-WOA26_9393fba15b.jpg,https://www.youtube.com/einherjerofficial,0iGkBvuI18nxqJR8Ipg1cu,,https://einherjer.com/,https://www.facebook.com/einherjerofficial,https://www.instagram.com/einherjerofficial/,false
elaekelaeiset,Eläkeläiset,elaekelaeiset,wacken-json,1129,Finland,,"<p>Try saying Eläkeläiset five times fast and the Humppa god himself might appear to drag you into the realm of offbeat madness and accordion mayhem.</p> <p>Or, better yet, just grab your ticket for W:O:A 2026 and witness Finland’s Humppa overlords doing what they do best.</p> <p>Honestly – if anyone dares to question their cult status among hackers, drinkers, and Metalheads alike, we’d love to hear which other band has ruled the Holy Ground since the mid-90s with such chaotic brilliance.</p> <p>We’ll wait…&nbsp;</p>",https://www.wacken.com/fileadmin/user_upload/Elaekelaeiset-WOA26.jpg,https://www.wacken.com/fileadmin/_processed_/e/d/csm_Elaekelaeiset-WOA26_0517340ca3.jpg,https://www.youtube.com/channel/UCbHpRt9ZXNIAY8C4lwjrshA,3HKoyHD86fikvLBdecyl5j,,https://www.humppa.com/,https://www.facebook.com/Elakelaiset,https://www.instagram.com/elakelaiset/,false
electric-bassboy,Electric Bassboy,electric-bassboy,wacken-json,1193,Germany,Sideproject Electric Callboy,"<p><strong>Electric Bassboy</strong>&nbsp;ist die elektronische Problemseite von Electric Callboy – das Projekt, bei dem sie die Gitarren gegen Knöpfe tauschen und den Bass so aufdrehen, dass selbst gestandene Metaller kurz überlegen, ob man dazu headbangt oder einfach nur überlebt.</p> <p>Hardstyle, Rave, Abriss – alles in einer Geschwindigkeit, bei der sogar der Circle Pit nervös wird.<br />&nbsp;Electric Bassboy kommt nicht, um höflich aufzulegen, sondern um Wacken zu zeigen, wie sich&nbsp;<strong>Eskalation ohne Verzerrer</strong>&nbsp;anhört.</p>",https://www.wacken.com/fileadmin/user_upload/bandimages/bands2026/electric_bassboy26.jpg,https://www.wacken.com/fileadmin/_processed_/2/3/csm_electric_bassboy26_c1af9b52ad.jpg,https://www.youtube.com/watch?v=ST007Aa7IgE,5OhB4WP6o9odTeJS6rEC9g,,,https://www.facebook.com/profile.php?id=61576887755965,https://www.instagram.com/electricbassboy,true
elvicho,Elvicho,elvicho,wacken-json,1225,Mexico,,"<p class=""text-justify"">ELCHIVO ist eine Stoner-Rock- und Doom-Metal-Band aus Monterrey, Mexiko, gegründet 2018. Gestartet von Marco Gil (ehemals Maligno), wird das Line-up komplettiert durch Stefan Berdem (Schlagzeug), Viin Angelini (Gesang) und Roi Zerda (Gitarre).</p> <p class=""text-justify"">Ihr selbstbetiteltes Debütalbum (2020) brachte landesweite Anerkennung, darunter Nominierungen als „Stoner-Rock-Album des Jahres"" und „Neue Band des Jahres"". Mit ihrem neuen Album Under the Black Sun melden sie sich nun zurück – neun Tracks, die neue Klänge und Texturen ausloten, ohne die eigene Essenz zu verlieren. Die erste Single „The Unforeseen"" ist bereits draußen, Festivalauftritte in Mexiko und international stehen vor der Tür.</p>",https://www.wacken.com/fileadmin/user_upload/bandimages/bands2026/elchivo_26.jpg,https://www.wacken.com/fileadmin/_processed_/8/f/csm_elchivo_26_576ae82fc4.jpg,https://www.youtube.com/watch?v=Al1XpQI_Ktc,4irE4oDcl1EOiQxc4T9kNc,,,https://www.facebook.com/elchivotemple,https://www.instagram.com/elchivotemple,true
emperor,Emperor,emperor,wacken-json,1130,Norway,Best-of + Emperor EP Set,"<p>Bow down, Mortals! &nbsp;– <strong>EMPEROR</strong> erheben sich erneut, um ein monumentales Black Metal-Ritual über Wacken zu entfesseln!</p> <p>Nur für eine einzige Nacht beschwören sie die Dunkelheit – ein finsteres Best-of aus ihrem Schaffen, mit besonderem Fokus auf ihrer legendären erste EP “Emperor”</p> <p>Doch das hier wird kein normales Konzert.</p> <p>Das ist eine schwarze Messe.</p> <p>Ein Tribut an das Werk, das das Gesicht des Extreme Metal für immer verändert hat.</p> <p>Und es wird noch dunkler… denn die legendäre Originalbesetzung ist zurück:</p> <p>Wacken wird danach nicht mehr sein, wie es war.</p> <p>Seid dabei, wenn Geschichte, Dunkelheit und Triumph aufeinandertreffen –</p> <p>This night belongs to the trve.</p>",https://www.wacken.com/fileadmin/user_upload/Emperor-WOA26.jpg,https://www.wacken.com/fileadmin/_processed_/d/2/csm_Emperor-WOA26_d4f869c941.jpg,https://www.youtube.com/channel/UCTIEXqlu73zjJIgNd8tercg,6jPWrSmxOd9mj7Xaj4EP2Y,,https://www.emperorhorde.com/,https://www.facebook.com/emperorofficial,https://www.instagram.com/emperorbandofficial/,false
employed-to-serve,Employed To Serve,employed-to-serve,wacken-json,557,United Kingdom,,"<p>Als sie 2023 den Holy Ground zum Beben brachten, stand fest: Wir sehen uns wieder. EMPLOYED TO SERVE kommen mit ihrem neuen Album „Fallen Star“ im Gepäck zum Jubiläumsfestival nach Wacken. Fans von Metalcore, Post-Hardcore und Mathcore kommen voll auf ihre Kosten! Wer sich optimal auf diesen Abriss vorbereiten möchte, kann in die aktuelle Single „Atonement“ reinhören, welche gemeinsam mit Lorna Shore-Sänger Will Ramos aufgenommen wurde.</p>",https://www.wacken.com/fileadmin/user_upload/bandimages/bands2026/employed_to_serve26.jpg,https://www.wacken.com/fileadmin/_processed_/a/a/csm_employed_to_serve26_631874c4dd.jpg,https://www.youtube.com/watch?v=rWI586git0s,58d50jBQXhOetEGuSBgu64,,https://www.employedtoserve.com/,https://www.facebook.com/employedtoserve,https://www.instagram.com/employedtoserve/,false
europe,Europe,europe,wacken-json,1131,Sweden,,"<p>Es brauchte nur einen einzigen Song, um die nächste Band in den Olymp zu katapultieren: „The Final Countdown“. Gegründet 1979 in Schweden, hat Europe dennoch weit mehr zu bieten als nur dieses eine Synth-Riff. Joey Tempests Stimme ist bis heute unverändert als hätte er sie in einer Zeitkapsel konserviert, gibt Europe Stadiontaugliche Performances, an die man sich noch lange danach erinnern kann, und vor allem will! Nun landen die Giganten auf Wacken und wir können es gar nicht erwarten mit ihnen zusammen zu all-bekannten Songs mitzusingen!</p>",https://www.wacken.com/fileadmin/user_upload/Europe-WOA26.jpg,https://www.wacken.com/fileadmin/_processed_/5/3/csm_Europe-WOA26_9d76063492.jpg,https://www.youtube.com/user/europethebandtv,7Js6Lde8thlIHXggv2SCBz,,https://www.europetheband.com/,https://www.facebook.com/europetheband/,https://www.instagram.com/officialeuropetheband/,false
evil-jared-krogi,Evil Jared & Krogi,evil-jared-krogi,wacken-json,1205,Germany,,"<p>Wenn Evil Jared und Krogi auftauchen, sollte man sich auf alles vorbereiten – außer auf ein normales Konzert. Zwischen Punk-Spirit, Rock-Groove und völliger WTF_Eskalation wird aus der Bühne schnell eine Partyzone. Hier kann alles passieren: spontane Aktionen, absurde Momente, Publikum mitten im Chaos. Kurz gesagt: genau der Wahnsinn, den ein Festival wie Wacken manchmal braucht.</p>",https://www.wacken.com/fileadmin/user_upload/bandimages/bands2026/evil_jared_krogi26.jpg,https://www.wacken.com/fileadmin/_processed_/9/5/csm_evil_jared_krogi26_9d4bb77d9d.jpg,https://www.youtube.com/watch?v=YOKQIWZ27aY,766CPWJo4muxhGzhTmI8dv,,https://eviljaredxkrogi.com/,https://www.facebook.com/EVILJAREDXKROGI,https://www.instagram.com/eviljared_x_krogi/,true
expellow,Expellow,expellow,wacken-json,1111,Switzerland,Metal Battle Winner 2025,"<p>Manchmal kommen sie wieder. Im Falle von Expellow sogar ziemlich zügig. Die letztjährigen Gewinner des Wacken Metal Battles werden 2026 den Holy Ground erneut stürmen. Die Schweizer Metalcore-Walze um Frontfrau Mik Dean, die den Holy Ground aus dem Vorjahr noch in und auswendig kennen dürfte, wird ihre gut geölte Brutalo Maschine wieder großzügigerweise allen Moshpit afficionados zur Verfügung stellen. Außerdem feiert der sympathische Fünfer 20-jähriges Bandjubiläum. Es ist also alles für ein rauschendes Fest angerichtet.</p>",https://www.wacken.com/fileadmin/user_upload/bandimages/bands2026/expellow_26b.jpg,https://www.wacken.com/fileadmin/_processed_/b/b/csm_expellow_26b_f274263240.jpg,https://www.youtube.com/watch?v=bQltMCDb75k,7n7ZqJDzdKrZul0UjAWUhC,,,https://www.facebook.com/expellow/,https://www.instagram.com/expellow_official/,false
faun,Faun,faun,wacken-json,567,Germany,,"<p>Das Holy Land öffnet wieder einmal seine Pforten für passionierte Geschichtenerzähler, glorreiche Gaukler und fantastische Epen aller Art. Keine Überraschung, dass sich Faun hier direkt angesprochen fühlen. Die Münchner Pagan Rock Gruppe steht für eingängiges und elegantes Geschichtenerzählen und ist seit 26 Jahren der Hauptansprechpartner für stimmungsvolle Ausflüge in Reiche und Zeiten außerhalb unserer Vorstellungskraft. Willkommen zurück auf dem Holy Ground!</p>",https://www.wacken.com/fileadmin/user_upload/Faun2-WOA26.jpg,https://www.wacken.com/fileadmin/_processed_/2/4/csm_Faun2-WOA26_dec165b202.jpg,https://www.youtube.com/channel/UCxWwz-uZkTNwEM_duLUrWkQ,2wPOgnQ6eW3X73uIJZ4YFE,,https://faune.de/de/,https://de-de.facebook.com/FaunOfficial/,https://www.instagram.com/faunofficial/?hl=de,false
finsterforst,Finsterforst,finsterforst,wacken-json,1206,Germany,,"<p>Sie singen von mystischen Geschöpfen, der Natur und ihrer Zerstörung durch den Menschen. Ihre Musik ist dunkel, folkige Elemente mischen sich unter und es verwundert nicht, dass FINSTERFORST aus dem düsteren Schwarzwald kommen. Ihre ureigene Mischung aus Pagan, Post und Black Metal mit epischen Orchesterparts und mächtigen Chören macht die Band zu einer festen Größe in der Szene und wir können es kaum erwarten die Black Forest-Metaller zum zweiten Mal auf dem Holy Ground zu begrüßen.</p>",https://www.wacken.com/fileadmin/user_upload/bandimages/bands2026/finsterforst_26.jpg,https://www.wacken.com/fileadmin/_processed_/b/8/csm_finsterforst_26_1eb394d15b.jpg,https://www.youtube.com/channel/UC8jGNLxrIfWKdMXwyzhQgEQ,1Gh3UMZ0WVesXifHfziSx9,,https://www.finsterforst.de,https://www.facebook.com/FinsterforstOfficial,https://www.instagram.com/finsterforst_official,false
firespawn,Firespawn,firespawn,wacken-json,1132,Sweden,In Memory Of LG Petrov,"<p>Firespawn sind zurück! Als schwedische Death Metal Supergroup 2015 gegründet musste der Fünfer sechs Jahre nach seiner Gründung den Tod von Gründungsmitglied und nationaler Death Metal Legende L.G. Petrov verkraften. Jetzt sind sie mit neuem Sänger zurück und bereit uns ihre Old-School getränkten Riffs, um die Ohren zu hauen. Das Feuer dürfte heftiger lodern als jemans zuvor – genau richtig, um mit uns Jubiläum zu feiern!</p>",https://www.wacken.com/fileadmin/user_upload/Firespawn-WOA26.jpg,https://www.wacken.com/fileadmin/_processed_/0/3/csm_Firespawn-WOA26_b9d52bcc7e.jpg,https://www.youtube.com/channel/UClEXJQi6NgcjfPHftGfoxlg,6iuACyGPyhtixKHUiJ8mNu,,,https://www.facebook.com/firespawnofficial/?locale=de_DE,https://www.instagram.com/firespawn_official/?hl=de,true
fit-for-an-autopsy,Fit For An Autopsy,fit-for-an-autopsy,wacken-json,1207,United States,,"<p>„Metal ist mittlerweile so angepasst und gar nicht mehr gefährlich. Wen soll man denn damit noch schocken?“. Ertappt ihr euch auch gelegentlich bei Gedanken wie diesen? Dann haben wir genau das richtige für euch, denn wahrscheinlich hört ihr einfach noch die falschen Bands! Die New Jersey Brutalos Fit For An Autopsy haben alles, was eure angepassten Spießer Freunde schockt! Ein bedrohlich klingender Name, noch bedrohlichere Sounds, die progressive Elemente mit dem Schlimmsten (also dem Besten) aus Deathcore und Metal mischen und wie eine Dampfwalze über alles hinwegbrettern, das Kommerz schreit. Fit For An Autopsy, das sind einfach nur sechs Jungs, die seit knapp 20 Jahren Kauleisten neu justieren. Streicht also am besten die ersten zwei Sätze dieses Textes ganz schnell aus eurem Wortschatz und springt genüsslich zu uns in den Pit.</p>",https://www.wacken.com/fileadmin/user_upload/bandimages/bands2026/fit_for_an_autopsy_26.jpg,https://www.wacken.com/fileadmin/_processed_/b/7/csm_fit_for_an_autopsy_26_1695f9334e.jpg,https://www.youtube.com/watch?v=Jg84uvEin30,0qJpY7K8p7g6sacvaGNt6i,,https://fitforanautopsy.com,https://www.facebook.com/FitForAnAutopsyOfficial/,https://www.instagram.com/fitforanautopsy/,false
focus,Focus.,focus,wacken-json,622,Germany,,<p>Nicht zu verwechseln mit den niederländischen Hard-Rockern der 70er steigen die deutschen Focus. mit beiden Beinen voran und fast schon kindlicher Freude aufs Gaspedal. Oder wie sie es selbst äußerst treffend formulieren: „Mit Wortgewalt und Zigarettenrauch gegen das Dunkel der einfachen Beats und simplen Texte.“</p> <p>Die Riesaer kommen mit einem Album im Schlepptau auf das Wacken Open Air und nehmen uns auf ihrer Sternhagelvoll 2026 Tournee ins Visier. Und Abfahrt!</p>,https://www.wacken.com/fileadmin/user_upload/bandimages/bands2026/focus_26.jpg,https://www.wacken.com/fileadmin/_processed_/8/9/csm_focus_26_a98ab7e760.jpg,https://www.youtube.com/watch?v=wrOcjdUYYxw,5TbE0PiXvN5JKGA6W6JybO,,https://focus-band.de/,,https://www.instagram.com/focuspunkt/,false
force,Force,force,wacken-json,1228,Chile,,"<p class=""text-justify"">FORCE ist eine Glam-Hard-Rock-Band aus Melipilla und Santiago, Chile, gegründet von Laureano Starboy und Camila Sulwacker zusammen mit Bassist Hans Beyer. Ihr Sound vereint 80er-Hard-Rock, wuchtige Riffs, Retrowave-Synthesizer und rohen, klassischen Gesang.</p> <p class=""text-justify"">2025 erschien ihre Debütsingle „Shine Like Me, B#tch!"", gefolgt von „SPEED"" – beides Vorboten ihres ersten Albums, das für 2026 geplant ist. Obwohl erst seit sechs Monaten aktiv, überzeugten FORCE bei ihrem nationalen Vorentscheid sowohl Jury als auch Publikum. 2026 wird die Band außerdem als offizieller Opening-Act für HALESTORM in Chile auf der Bühne stehen.</p>",https://www.wacken.com/fileadmin/user_upload/bandimages/bands2026/force_26.jpg,https://www.wacken.com/fileadmin/_processed_/6/c/csm_force_26_9eb5006911.jpg,https://www.youtube.com/watch?v=0qfZf2PnGvE,527C8v9EOKmi9W2tApAIag,,,https://www.facebook.com/Novelization,https://www.instagram.com/forceband.cl,true
future-palace,Future Palace,future-palace,wacken-json,767,Germany,,"<p>Kaum eine Band wird aktuell wegen ihrer Innovation rund um den Metal so geschätzt wie Future Palace. Mit ihrem 2024 erschienenen Album Distortion haben sich die drei Berliner endgültig in die erste Riege moderner Metal Bands gespielt. Nach ihrer furiosen Wacken Show 2024 kehrt die Formation nun mit neuer Power und noch mehr Selbstbewusstsein auf den Holy Ground zurück, um Wacken dieses Mal komplett auf links zu drehen.</p> <p>Ihr moderner Ansatz und ihr müheloses Wechseln durch die verschiedenen Spielarten des Metal machen sie schon längst zu keinem Geheimtipp mehr.</p>",https://www.wacken.com/fileadmin/user_upload/Future_Palace-WOA26.jpg,https://www.wacken.com/fileadmin/_processed_/c/6/csm_Future_Palace-WOA26_03d8bb4d08.jpg,https://www.youtube.com/watch?v=mJ47ISNx0lE,4QnuZOyl4C9d1keyOZXJ21,,https://future-palace.com/,https://www.facebook.com/futurepalace,https://www.instagram.com/futurepalaceofficial/,false
given-by-the-flames,Given By The Flames,given-by-the-flames,wacken-json,1230,Japan,Metal Battle Japan,"<p class=""text-justify"">Given By The Flames ist eine Gothic-Metalcore-Band aus Tokio, Japan. Über die Jahre hat sie Bühnen mit internationalen Acts geteilt und sich einen Namen für emotional aufgeladene Auftritte gemacht, die ebenso hart treffen wie sie schmerzen.</p> <p class=""text-justify"">Ihr Sound transportiert rohe Wut, Trauer und Schönheit zu gleichen Teilen – schwebende Cleangesänge prallen auf zermalmende Breakdowns –, getragen von dem kreativen Anspruch, verborgenen Emotionen eine Stimme zu geben, den eigenen wie denen des Publikums. Aktuelle Releases wie die Singles „NIHIL"" und „UNTIL WE MEET IN HELL AGAIN"" sowie ihr Album A Book of Agony (jetzt im Streaming) zeigen ihre Weiterentwicklung – ohne dabei ihre Gothic-Metalcore-Wurzeln zu verlieren.</p>",https://www.wacken.com/fileadmin/user_upload/bandimages/bands2026/given_by_the_flames_26.jpg,https://www.wacken.com/fileadmin/_processed_/4/7/csm_given_by_the_flames_26_a72a8cc764.jpg,https://www.youtube.com/watch?v=caKmjqeyFrs,3zig081GzEy52hB4SLF41Z,,,https://www.facebook.com/gbtfofficial,https://www.instagram.com/gbtf_official,true
grand-magus,Grand Magus,grand-magus,wacken-json,1133,Sweden,,"<p>Habt ihr euch schon einmal gefragt, was man auf der Playlist von nordischen Göttern findet? Wir haben die Antwort: Grand Magus!&nbsp;</p> <p>Die Stockholmer Formation begann ihren Weg als Doom-Band, entwickelten sich aber schnell zu einer der epischsten Heavy-Metal Gruppen im europäischen Raum. Ihre Musik fegt wie Hymnen über den Platz und fühlen sich an, als wären sie der Soundtrack zu den epischsten Schlachten der Götter. Der Sound erinnert an eine Mischung aus Manowar, Rainbow und Black Sabbath und dennoch bringen sie ihren ganz eigenen Stil mit. Insbesondere durch Frontmann JB’s Stimme, die wie Sirenengesang sich in die Hirnhaut frisst und der man auf Schritt und Tritt folgen mag. Grand Magus ist auf Wacken Pflicht, vor allem für alle die bereit sind in die Schlacht zu ziehen.</p>",https://www.wacken.com/fileadmin/user_upload/Grand_Magus-WOA26.jpg,https://www.wacken.com/fileadmin/_processed_/2/a/csm_Grand_Magus-WOA26_00bbab917e.jpg,https://www.youtube.com/channel/UCMMvpH0VOi0q8JrLT4PSCng,7GTkjp7qsfmx8iJzBUQLmN,,https://www.grandmagus.com/,https://www.facebook.com/grandmagusofficial,https://www.instagram.com/grandmagusband,true
guilt-trip,Guilt Trip,guilt-trip,wacken-json,1171,United Kingdom,,<p>Dass Manchester neben Fußball auch im Bereich der harten Gitarrenmusik und der Welt der Violent Dancing Afficionados eine große Rolle spielt beweisen die Mancunians Guilt Trip. Gerade einmal zehn Jahre treiben die fünf Briten nun ihr Unwesen und legen die Bühnen dieser Welt mit ihrem brutalen Mix aus Hardcore und Beatdown in Schutt und Asche. Mit ihrer neuen Singe „Burn“ und dem Wechsel zu Roadrunner Records steht uns wohlmöglich bald die nächste Attacke der Band ins Haus. Ein echter Volltreffer.</p>,https://www.wacken.com/fileadmin/user_upload/bandimages/bands2026/guilt_trip_26.jpg,https://www.wacken.com/fileadmin/_processed_/d/b/csm_guilt_trip_26_524191a47e.jpg,https://www.youtube.com/watch?v=d5EUJXQKD1k,07mhRucOGu6NJvRNVzqoxU,,https://www.guilttripmhc.com/,https://www.facebook.com/guilttripmhc/,https://www.instagram.com/guilttripmhc/,true
gutalax,Gutalax,gutalax,wacken-json,1134,Czech Republic,,"<p>Die nächste Band ist ein Griff ins Klo – wortwörtlich! Und wir meinen das im positivsten Sinne, in dem es möglich ist. Die Sprache ist von Gutalax! Die Tschechen beehren uns auf dem W:O:A und bringen jede Menge Spaß mit. Seit ihrer Gründung 2009 sind Gutalax berühmt-berüchtigt für ihre mitreißenden Live-Shows, bei denen mit dem Klopapier nicht gespart. Ach ja und die Musik? Feinster Goregrind mit knarzenden Vocals, Slapstick-Humor und garantiertem Tanzfaktor! Circle Pit war gestern, Gutalax kommen auf den Holy Ground, um den Toilet Pit zu starten, also packt euer 2-lagiges ein und macht euch bereit!&nbsp;</p>",https://www.wacken.com/fileadmin/user_upload/Gutalax-WOA26.jpg,https://www.wacken.com/fileadmin/_processed_/f/4/csm_Gutalax-WOA26_6c3c4625c6.jpg,https://www.youtube.com/channel/UCstX-G8aztB8rPTgGkWMGtQ,5CmgfDQq0YVKMP6zpjYhPR,,,https://www.facebook.com/gutalax.band/,https://www.instagram.com/gutalax.band_official/?hl=de,true
h-blockx,H-Blockx,h-blockx,wacken-json,1135,Germany,,"<p>Oft wurden sie als die deutsche Antwort zu Rage Against The Machine betitelt – Die Rede ist von H-Blockx. Gutes Crossover, Hip-Hop Vibes und Arenarock. Gegründet 1991 in Münster, wurden sie durch Songs wie „Risin‘ High“ und „Move“ bekannt. Die Mischung aus fülligen Gitarrenriffs mit Refrains, die einem nicht mehr aus dem Kopf gehen, und Rap-Vocals hat sich H-Blockx einen Namen gemacht. Sie schreiben die Musik für Baggy Pants, Skateboards und Festivals, bei denen der Schlamm noch nach Freiheit roch. Welcher Ort ist da perfekter als Wacken? Wir denken keiner!</p>",https://www.wacken.com/fileadmin/user_upload/H_Blockx-WOA26.jpg,https://www.wacken.com/fileadmin/_processed_/c/7/csm_H_Blockx-WOA26_c10c9dda61.jpg,https://www.youtube.com/@HBlockx,1V3Nl0Y3EZwqP38KHws6vB,,https://www.facebook.com/HBLOCKXofficial/,https://www.facebook.com/HBLOCKXofficial/,https://www.instagram.com/hblockxofficial/,true
hackneyed,Hackneyed,hackneyed,wacken-json,1172,Germany,,"<p>Pünktlich zum 20-jährigen Bandjubiläum kehrt eine Dampfwalze mit Legendenstatus auf den Acker zurück. Hackneyed raffen sich auf, um zehn Jahre nach ihrer Auflösung unseren Durst nach röhrendem Death Metal zu stillen und wir sind auf jeden Fall bereit uns den Kopf ordentlich durchpusten zu lassen.&nbsp;</p>",https://www.wacken.com/fileadmin/user_upload/bandimages/bands2026/hacknayed_26.jpg,https://www.wacken.com/fileadmin/_processed_/3/f/csm_hacknayed_26_2bf550c457.jpg,https://www.youtube.com/watch?v=oa-4qjt8eW0,6Vp7LKfnmi4ONEUww3IjCj,,https://hackneyed.de,https://www.facebook.com/hackneyed/,https://www.instagram.com/hackneyedofficial/,false
haematom,Hämatom,haematom,wacken-json,81,Germany,,"<p>Ihre Wege führen in alle Himmelsrichtungen und nächstes Jahr fährt der Tourbus nach Wacken! HÄMATOM feierten 2024 eine Festivalshow der etwas anderen Art auf dem heiligen Acker, lieferten sich mit Rapper Finch ein Duell und hatten nach wie vor den Verlust ihres Bassisten und Gründungsmitglieds West zu verkraften. Wir sind gespannt, was das lautstarke Quartett für nächstes Jahr vorbereitet hat. Mit ihrem aktuellen Album „Für Dich“ (2025) zollen sie West Tribut und haben wieder ordentlich Nachschub für die Setlist geschrieben. Wie immer gilt: Mitmachen, abgehen und wer was zu meckern hat - „Erzähl es meinem Mittelfinger“!</p>",https://www.wacken.com/fileadmin/user_upload/bandimages/bands2026/haematom_26.jpg,https://www.wacken.com/fileadmin/_processed_/5/e/csm_haematom_26_a104ede3d5.jpg,https://www.youtube.com/watch?v=ksTnXEHq3YM,,,https://haematom.de,https://www.facebook.com/haematommusic,https://www.instagram.com/haematommusic,false
hardline,Hardline,hardline,wacken-json,1173,United States,,"<p>Spannende, skurille oder beinahe unglaubliche Background Geschichten aus den 80ern gehören im Hard-Rock fast schon zum guten Ton. Unter den unzähligen Stories aber eine zu finden, in der zwei Journey Musiker bei der Gründung deiner Band dabei gewesen sind ist auch in diesem Kosmos exotisch.</p> <p>Hardline verbinden alles, was uns die 80er zur Sehnsuchts-Dekade macht mit einem Line-Up, das vor Spielfreude und Flair nur so funkt. Und das trotz einer bewegten Bandhistorie mit mehrfacher Auflösung und Neugründung. Wir sind mehr als bereit für eine ordentlich Party!</p>",https://www.wacken.com/fileadmin/user_upload/bandimages/bands2026/hardline_26.jpg,https://www.wacken.com/fileadmin/_processed_/c/5/csm_hardline_26_73180980cd.jpg,https://www.youtube.com/watch?v=Rc3Ikk4As8U,3caJ5Uy9aHZv7wVSNqwwjc,,https://www.hardlinerocks.com/,https://www.facebook.com/hardlinerocks/,https://www.instagram.com/hardlinerocks/,false
hatebreed,Hatebreed,hatebreed,wacken-json,1185,United States,,"<p>Was soll man zur Truppe um Berufsschreihals Jamey Jasta schreiben, was nicht bereits in etlichen Chroniken des Hardcores und Metal niedergeschrieben wurde? Hatebreed sind Kult und das nicht erst seit gestern. Die Brutalität, mit der die US-Amerikaner ihren Groove anmischen lässt, Zement aussehen wie Wackelpudding. Wer bei Destroy Everything nicht schon mal an einem anderen Schuh geschnuppert hat als dem eigenen kann wohl kaum von sich behaupten, wirklich auf einer Hatebreed Show gewesen zu sein. Nächste Chance W:O:A 2026.</p>",https://www.wacken.com/fileadmin/user_upload/bandimages/bands2026/hatebreed_26.jpg,https://www.wacken.com/fileadmin/_processed_/a/6/csm_hatebreed_26_1a7dea75de.jpg,https://www.youtube.com/watch?v=IWU8wz6rvLc,17Mb968quDHpjCkIyq30QV,,https://www.hatebreed.com/,https://www.facebook.com/hatebreed,https://www.instagram.com/hatebreedofficial/,false
heartless-human-harvest,Heartless Human Harvest,heartless-human-harvest,wacken-json,1218,Germany,,"<p>Grenzen sind dazu da sie neu auszuloten. Auf ihnen zu wandeln und sie immer wieder zu durchbrechen. Zumindest, wenn ihr uns nach unserer bescheidenen Meinung fragt. Wie gut, dass wir da in Heartless Human Harvest gleichgesinnte Mitstreiter gefunden haben. Zwischen Metal und Hardcore, treibenden Riffs und zerschmetternden Breakdowns thront der norddeutsche Fünfer und ist mehr als bereit, den Holy Ground zu seiner persönlichen Spielwiese zu machen.</p> <p>Be a part&nbsp;of&nbsp;the human harvest.</p>",https://www.wacken.com/fileadmin/user_upload/bandimages/bands2026/heartless_human_harvest_26.jpg,https://www.wacken.com/fileadmin/_processed_/b/9/csm_heartless_human_harvest_26_5c7a455a4e.jpg,https://www.youtube.com/watch?v=aA1OzEfk9rI,6b5VGR6r36WvU3vbrl9HbG,,https://hxhxh.band,https://www.facebook.com/HeartlessHumanHarvest/,https://www.instagram.com/hxhxh.band/,true
heavysaurus,Heavysaurus,heavysaurus,wacken-json,997,Germany,,"<pre>Auf den ersten Blick wirken sie wie Beschwörer einer längst vergangenen Zeit. Weit gefehlt! Denn die Dinos aus HEAVYSAURUS begeistern die ganze Generation unserer lauten Lieblingsmusik. Aufruf an alle jungen W:O:A-Fans: Sobald die farbenfrohen Urzeit-Rocker die Verstärker aufdrehen, zeigt euren Eltern, was in euch steckt! Pommesgabel reload!</pre>",https://www.wacken.com/fileadmin/user_upload/bandimages/bands2026/heavysaurus_26.jpg,https://www.wacken.com/fileadmin/_processed_/3/0/csm_heavysaurus_26_9d1aa2a6db.jpg,https://www.youtube.com/watch?v=F4sYN2YeCtU,6uyCfgv8FWIc2mifriVXqw,,https://www.heavysaurus.de/,https://www.facebook.com/HeavysaurusDE,https://www.instagram.com/heavysaurus/,false
i-see-red,I See Red,i-see-red,wacken-json,1222,Greece,Metal Battle Greece,"<p class=""text-justify"">I See Red ist eine Melodic-Death-Metal-Band aus Athen, Griechenland, gegründet 2014. Ihr Sound verbindet Melodic Death Metal mit Hardcore und Black Metal – und entfaltet eine düstere, intensive Atmosphäre ganz eigener Prägung.</p> <p class=""text-justify"">Nach den EPs As Hope Runs Dry (2016) und A Drop of Truth (2020) wurde das Line-up komplett erneuert. Nach einem mitreißenden Support-Auftritt für die legendären The Haunted markiert 2026 die Rückkehr von I See Red – mit neuem Material und einem überarbeiteten Sound, der ihre Identität weiterführt.</p>",https://www.wacken.com/fileadmin/user_upload/bandimages/bands2026/i_see_red_26.jpg,https://www.wacken.com/fileadmin/_processed_/2/7/csm_i_see_red_26_740c88bbf9.jpg,,1yibziitCge1Mpgqj1mxcq,,,https://www.facebook.com/iseeredofficial,https://www.instagram.com/i.see.red,true
in-flames,In Flames,in-flames,wacken-json,1136,Sweden,,"<p>Was schreit mehr nach Pionieren des Melodic Death Metal als In Flames? Mit Alben wie <i>The Jester Race&nbsp;</i>oder <i>Clayman&nbsp;</i>prägten sie den <i>Göteburg Sound!&nbsp;</i>Nach den erfolgreichen ersten Alben ging In Flames in den 2000ern stilistisch in die Richtung des Alternative Metal. Unverkennbar durch Frontman Anders Friden’s markanter Stimme und den typischen Riffs sind die Jungs aus der Szene nicht mehr wegzudenken, manche würden sogar meinen sie sind die Anführer. Auch auf dem Acker sind sie keine unbekannten Gesichter und sorgten auf dem Holy Ground schon für unzählige unvergessliche Momente – also dürfte es niemanden wundern, dass sie gern gesehene Gäste auf dem W:O:A sein und freuen uns schon weitere Erinnerungen mit ihnen zu schaffen.&nbsp;</p>",https://www.wacken.com/fileadmin/user_upload/bandimages/bands2026/In-Flames-WOA26.jpg,https://www.wacken.com/fileadmin/_processed_/8/6/csm_In-Flames-WOA26_9e6947d658.jpg,https://www.youtube.com/channel/UC9qjDzIQoyW3USlw__qdmnQ,57ylwQTnFnIhJh4nu4rxCs,,https://www.inflames.com/,https://www.facebook.com/inflames/,https://www.instagram.com/inflames,false
insanity-alert,Insanity Alert,insanity-alert,wacken-json,445,Austria,,"<p>Who let these maniacs onto the Holy Ground? With Insanity<strong>&nbsp;</strong>Alert, the warning is not just a friendly heads-up — it’s a <i>real</i> warning. Prolonged mosh pit action, fueled by Heavy Kevy and his crew, may lead to serious long-term side effects. With so much fun and good vibes, we unfortunately can’t rule out the risk of instantly falling in love with these Austrians. Their thrash, infused with hardcore, is not for the faint of heart. But these guys don’t just come to shred, they come to party! Celebrating their 15th anniversary at Wacken, let us tell you this: nobody has perfected the art of partying quite like Insanity Alert! Pack your aspirin—if you dare face this danger, you’re more than welcome to join!&nbsp;</p>",https://www.wacken.com/fileadmin/user_upload/Insanity_Alert-WOA26.jpg,https://www.wacken.com/fileadmin/_processed_/a/3/csm_Insanity_Alert-WOA26_32944b8820.jpg,https://www.youtube.com/@insanityalert,7371n3dNMRdoAuDOiweQJx,,https://www.insanityalert.com/,https://www.facebook.com/insanityalert,https://www.instagram.com/insanityalert,false
judas-priest,Judas Priest,judas-priest,wacken-json,270,United Kingdom,,"<p>Es ist Zeit für eine Legende – denn es ist Zeit für JUDAS PRIEST! Auch nach über fünf Jahrzehnten im Musikbusiness, mehr als 50 Millionen verkauften Alben und dem aktuellen Longplayer „Invincible Shield“ (2024) im Gepäck, sind Metal God Rob Halford und seine Mannen bereit, den Holy Ground mit tonnenweise Riffs, über vier Oktaven Stimmumfang und aufheulenden Motorrädern zum Beben zu bringen. Reckt die Pommesgabel in die Höhe, ölt die Stimmbänder und gebt alles, wenn „Breaking The Law“, „Painkiller“, „The Serpent And The King“ und viele weitere vertraute Songs ertönen.</p>",https://www.wacken.com/fileadmin/user_upload/bandimages/bands2026/judas_priest26.jpg,https://www.wacken.com/fileadmin/_processed_/0/d/csm_judas_priest26_47424c35d1.jpg,https://www.youtube.com/watch?v=HwMZ20ZVZeE,2tRsMl4eGxwoNabM08Dm4I,,https://judaspriest.com,https://www.facebook.com/OfficialJudasPriest,https://www.instagram.com/judaspriest,false
kadavar,Kadavar,kadavar,wacken-json,373,Germany,,"<p>Kadavar klingen, als hätte jemand eine alte Sabbath-Platte in einen viel zu heißen Röhrenamp gesteckt und dann auf „Festivalmodus“ gedreht. Fuzz-Gitarren, psychedelische Grooves und dieser warme Vintage-Sound. Wenn die Berliner loslegen, fühlt sich der Acker plötzlich wie ein staubiger 70er-Rockclub an – nur mit deutlich mehr Leuten.</p>",https://www.wacken.com/fileadmin/user_upload/bandimages/bands2026/kadavar_26b.jpg,https://www.wacken.com/fileadmin/_processed_/f/9/csm_kadavar_26b_5241b42bda.jpg,https://www.youtube.com/watch?v=BnpmDxQ6zO8,0FfuujZJUa7Z2JzhhiPI2z,,https://www.kadavar.com/,https://www.facebook.com/KadavarOfficial,https://www.instagram.com/kadavargram,false
kaerbholz,Kärbholz,kaerbholz,wacken-json,57,Germany,,"<p>Getreu dem Motto „Vollgas Rock’n’Roll“ ist das deutsche Rock-Quartett KÄRBHOLZ rastlos dabei, seine Fans zu 100% mit Songs über Herz und Verstand und dem schonungslosen Spiel des Lebens zu versorgen. Kontra waren sie schon immer, das Karma auf ihrer Seite und Barrikaden haben sie stets mit Leib und Seele niedergerissen. Für 2026 haben die Rocker nicht nur eine neue Tour angekündigt, sondern arbeiten auch an neuer Musik für den Nachfolger ihrer 2023er Album „Barrikaden“ und „Wilde Augen“. Zapft euch ein kühles Bier, dreht die Boxen auf!&nbsp;Wir freuen uns auf die lautstarke Party in Wacken!</p>",https://www.wacken.com/fileadmin/user_upload/bandimages/bands2026/kaerbholz_26.jpg,https://www.wacken.com/fileadmin/_processed_/7/4/csm_kaerbholz_26_85a563b793.jpg,https://www.youtube.com/watch?v=4Sv68QnjoSk,7LNFSNejKjCEEwneXJQwXL,,https://www.kaerbholz.de,https://www.facebook.com/Kaerbholzoffiziell,https://www.instagram.com/kaerbholz,false
katerfahrt,Katerfahrt,katerfahrt,wacken-json,1139,Germany,,,https://www.wacken.com/fileadmin/user_upload/Katerfahrt-WOA26.jpg,https://www.wacken.com/fileadmin/_processed_/7/0/csm_Katerfahrt-WOA26_4213c9f3a0.jpg,https://www.youtube.com/channel/UC7vmqa9jSCceSIvNo1vf21w,4WsOnJW1h3znXnbMGQ2mpP,,https://katerfahrt.de/,https://www.facebook.com/p/Katerfahrt-61550192707626/,https://www.instagram.com/katerfahrtband/,true
kim-dracula,Kim Dracula,kim-dracula,wacken-json,1186,Australia,,"<p>Wenn Nosferatu statt nach Wisborg nach Tasmanien gesegelt wäre und dann dort sein Unwesen getrieben hätte, könnten wir die Existenz von Kim Dracula durch einen Vampir-Biss erklären.</p> <p>So gebieten es uns die Regeln der Wissenschaft zu beschreiben, was wir sehen und hören können und das ist Folgendes: Kim Dracula bezirzt unsere Ohren mit einer exotischen Mischung aus Trap, Hip Hop und Metal Elementen. Ein Spagat der Stile, dem das leicht wahnsinnige Auftreten des Sängers zusätzlich Atmosphäre verleiht. Ein Wacken Debüt, auf das wir uns ganz besonders freuen!</p>",https://www.wacken.com/fileadmin/user_upload/bandimages/bands2026/kim_dracula26.jpg,https://www.wacken.com/fileadmin/_processed_/3/4/csm_kim_dracula26_6085add158.jpg,https://www.youtube.com/watch?v=wSkTmLe5kRQ,526TMJFuJibm9j2p9td9Yp,,https://www.kimdracula.com/,https://www.facebook.com/KimDrac/,https://www.instagram.com/kimdrac/,true
kittie,Kittie,kittie,wacken-json,1163,United States,,"<p>Es gab sie – die rostigen Nägel im Sarg des Nu-Metal: geschmiedet haben sie Kitte, die Teenage Angst Queens, die mit <i>“Spit”</i>&nbsp;die Tür die für Frauen im Metal erst öffnete, mit einem Roundhouse Kick auftraten. Und wer schmiedet der weiß auch wie m an Schlösser wieder öffnet:&nbsp; Zwei Jahrzehnte später sind Kittie wieder da – älter, wütender, klarer. <i>“Fire”</i> klingt wie eine Zeitmaschine, die mitten im Sturm landet. Und diesmal brennt sie nicht aus – sie brennt alles nieder.</p>",https://www.wacken.com/fileadmin/user_upload/bandimages/bands2026/kittie_26.jpg,https://www.wacken.com/fileadmin/_processed_/d/6/csm_kittie_26_31697daab6.jpg,https://www.youtube.com/watch?v=ZDmLPBVOidQ,0ImEDe9tW5n4pxHOK39zIc,,https://www.kittie.net,https://www.facebook.com/kittiepage/,https://www.instagram.com/officialkittie/,true
kupfergold,Kupfergold,kupfergold,wacken-json,846,Germany,,"<p>Zu Zeiten des Goldrauschs brauchte jeder Goldsuchende seinen eigenen Claim. Bei uns braucht ihr lediglich euren Platz auf dem Holy Ground, um an echtes Gold zu kommen. Genauer gesagt Kupfergold. Im verflixten siebten Jahr hat es die Mittelalter-Rock Formation nun endlich nach Wacken geschafft. Manchmal muss man eben für Gold auch ein wenig schürfen, um schließlich reich beschenkt zu werden. Willkommen auf dem Holy Ground.</p>",https://www.wacken.com/fileadmin/user_upload/Kupfergold-WOA26.jpg,https://www.wacken.com/fileadmin/_processed_/2/c/csm_Kupfergold-WOA26_1d73350ab6.jpg,https://www.youtube.com/channel/UCJJqHutxqsRgtY2TBrVt93A,5ziUNRAHfR28SgsINMc66V,,https://formatio-kupfergold.de/,https://www.facebook.com/formatio.kupfergold/,https://www.instagram.com/kupfergold_band,false
lacuna-coil,Lacuna Coil,lacuna-coil,wacken-json,363,Italy,,"<p>Seit über drei Jahrzehnten sind LACUNA COIL unterwegs und haben dieses Jahr ihr zehntes Album „Sleepless Empire“ von den Ketten gelassen. Ihre Mischung aus Gothic, Alternative und Death Metal begeistert ihre treue Fangemeinde seit jeher. Mit aktuellen Songs wie „Oxygen“ und „Hosting the Shadow“ zeigen die Italiener um Sängerin Cristina Scabbia, dass sie noch voller Energie stecken und wer weiß, vielleicht bekommen wir den letztgenannten Song auch mit Gastsänger Randy Blythe von Lamb of God live zu hören? Beide Bands spielen jedenfalls auf dem Holy Ground. Lasst euch die Show nicht entgehen!</p>",https://www.wacken.com/fileadmin/user_upload/bandimages/bands2026/lacuna_coil_26.jpg,https://www.wacken.com/fileadmin/_processed_/6/3/csm_lacuna_coil_26_289f52868d.jpg,https://www.youtube.com/watch?v=H86cL4NBZRg,4OAddazJM576euUnFSvXSL,,https://www.lacunacoil.com,https://www.facebook.com/lacunacoil,https://www.instagram.com/lacunacoilofficial,false
lagwagon,Lagwagon,lagwagon,wacken-json,1187,United States,,"<p>Among all the dark, grim faces out there, sometimes you need a splash of color and joy. Enter Lagwagon — where the pit stays friendly, the faces are smiling, and the sun shines bright. No surprise, given the infectious Punk Rock energy of these Californians. They’ve been spreading good vibes since the early ’90s — that’s experience you can trust. And for anyone who thinks that’s too cheerful, remember: where there’s no light, there’s no shadow!</p>",https://www.wacken.com/fileadmin/user_upload/bandimages/bands2026/lagwagon26.jpg,https://www.wacken.com/fileadmin/_processed_/a/e/csm_lagwagon26_9b4cccaa2b.jpg,https://www.youtube.com/watch?v=mdMr3AMEdXU,66riGCPfih1Xqk81dDvpvf,,https://www.lagwagon.com/,https://www.facebook.com/lagwagon/,https://www.instagram.com/lagwagon1989/,false
lamb-of,Lamb of God,lamb-of,wacken-json,1159,United States,,"<p>Es gibt Bands, bei denen reicht die bloße Nennung des Namens, um ganze Heerscharen von Metalheads in erwartungsvolle Ekstase zu versetzen.<br />Lamb of God sind ohne Zweifel eine solche Band. Die US-Amerikaner um Frontman Randy Blythe haben sich ihren Platz an der Sonne hart erarbeitet. Nimmer müde hat die Band seit Beginn der 1990er Jahre getourt und Album nach Album, Hit nach Hit unters hungrige Metal-Volk gebracht.&nbsp;<br />35 Jahre später steht ihnen der Platz an der Sonne mehr als zu. Und für den Fall, dass es hier jemand immer noch nicht verstanden hat: Lamb of God kommen 2026 nach Wacken!</p>",https://www.wacken.com/fileadmin/user_upload/bandimages/bands2026/lamb_of_god_26b.jpg,https://www.wacken.com/fileadmin/_processed_/7/4/csm_lamb_of_god_26b_d0cd004159.jpg,https://www.youtube.com/user/lambofgod,3JFsVIxOn7STeilPICkkB2,,https://www.lamb-of-god.com/,https://www.facebook.com/lambofgod/,https://www.instagram.com/lambofgod/,false
life-of-agony,Life of Agony,life-of-agony,wacken-json,13,United States,,"<p>Aller lautstarken Dinge sind drei: Nach den beeindruckenden W:O:A-Shows in 2019 und 2022 heißen wir die New Yorker Metallschmiede LIFE OF AGONY zum dritten Mal herzlich willkommen. Keith Caputo und seine Mitstreiter blickten erst dieses Jahr während der UGLY-Tour auf ihre langjährige Karriere zurück, veröffentlichten mit „The Crow“ aber auch einen neuen Song. Wer weiß, vielleicht bekommen wir bis zum Auftritt in Wacken noch mehr frischgebackene Musik zu hören?! Fest steht jedenfalls, dass Highlights wie „River Runs Red“ oder „Weeds“ den Acker beim Festivaljubiläum zum Beben bringen werden.</p>",https://www.wacken.com/fileadmin/user_upload/bandimages/bands2026/life_of_agony26.jpg,https://www.wacken.com/fileadmin/_processed_/9/4/csm_life_of_agony26_68ef27b061.jpg,https://www.youtube.com/watch?v=UaCijH0USo8,4gyzQpfG5YQZJt2jj0IkEl,,https://www.lifeofagony.com/,https://www.facebook.com/lifeofagonyfamiglia,https://www.instagram.com/lifeofagonyofficial/,false
lovebites,Lovebites,lovebites,wacken-json,1208,Japan,,"<p>Tokio, 2016 – Wacken 2026. Dazwischen: Zehn Jahre Power Metal ohne Angst vor Grenzen und Vorurteilen und eine legendäre Wacken Open Air Show 2018. Jetzt kommen Lovebites, pünktlich zum 10-jährigen Bandjubiläum wieder nach Norddeutschland. Im Gepäck: epische Melodien, eine große Show und jede Menge Metal, irgendwo zwischen Iron Maiden und Helloween. Außerdem dabei: Ihr neues Album Outstanding Power – eine Nachricht auch an uns. Lovebites – wir sind bereit!</p>",https://www.wacken.com/fileadmin/user_upload/bandimages/bands2026/lovebites_26b.jpg,https://www.wacken.com/fileadmin/_processed_/8/d/csm_lovebites_26b_38ca926080.jpg,https://www.youtube.com/watch?v=vOwJCPGqlz0,4H1S8RTYv4vN3SiM5uSZSa,,https://lovebites.jp/band/,https://www.facebook.com/LovebitesTheBand/,https://www.instagram.com/lovebites_jp,false
luna-kills,Luna Kills,luna-kills,wacken-json,1140,Finland,,"<p>Finnland zu bitten ikonische und innovative Metalbands hervorzubringen ist genauso Zeitverschwendung, wie Michael Jordan zu bitten, Basketball Titel zu gewinnen. Es liegt in der Natur dieses Landes unser geliebtes Genre mit ikonischen Bands zu fluten. Mit Luna Kills steht einmal mehr eine solche in den Startlöchern. In ungeahnter Leichtigkeit verbindet das Quartett Nu-Metal mit elektronischen Elementen. Im sechsten Jahr des Band-Bestehens machen sich die Finnen nun also auf, den Holy Ground heimzusuchen. Wir können es kaum erwarten.</p>",https://www.wacken.com/fileadmin/user_upload/Luna_Kills-WOA26.jpg,https://www.wacken.com/fileadmin/_processed_/3/3/csm_Luna_Kills-WOA26_9c2715ab09.jpg,https://www.youtube.com/channel/UCDA4OW99nx7vi8JpSMRz1AA,5OMIs8tNddcCXVDMN8LLyQ,,https://lunakills.com/,https://www.facebook.com/lunakillsband/,https://www.instagram.com/lunakillsband/?hl=fi,true
mambo-kurt,Mambo Kurt,mambo-kurt,wacken-json,203,Germany,,"<p>Selten haben zwei Worte so sehr zusammengehört wie Mambo und Kurt. Uns fällt da persönlich nur ein weiteres Paar ein: Orgel und Gott. Und was für ein Zufall scheinen sie beide zu dieser Persönlichkeit zu gehören, die mit ganz viel Humor, technischer Raffinesse und einer Heimorgel regelmäßig die Meute auf dem Acker zum Kochen bringt. Egal ob Klassiker wie Van Halens Jump oder Eigenkompositionen, wie das unterbliche Wacken, der Orgelgott gehört zu Wacken, wie das wechselhafte Wetter.</p>",https://www.wacken.com/fileadmin/user_upload/bandimages/bands2025/mambo_kurt_25.jpg,https://www.wacken.com/fileadmin/_processed_/f/4/csm_mambo_kurt_25_d25410db45.jpg,https://www.youtube.com/watch?v=G8ioTszy9D8,29t2xhTM0SRjm8iTNVMynh,,https://www.mambokurt.de/,https://www.facebook.com/orgelgott/,https://www.instagram.com/orgelgott/,false
manntra,Manntra,manntra,wacken-json,448,Croatia,,<p>Aller guten Dinge sind drei: 2026 rocken MANNTRA zum dritten Mal das W:O:A und präsentieren uns ihre neuesten Songs vom Album „Titans“. Das kroatische Folk&nbsp;Metal-Quintett weiß ganz genau wie es altertümlichen Themen einen modernen Anstrich verpasst und rohen Industrial Metal mit verspielten Folk-Elementen ergänzt. MANNTRA passen 100% zu unserem Motto „Party on“ und genau das wollen wir mit euch feiern: Ölt eure Stimmbänder und streckt die Fäuste in die Luft wenn „Ori Ori“ und weitere Highlights erklingen.</p>,https://www.wacken.com/fileadmin/user_upload/bandimages/bands2026/manntra_26.jpg,https://www.wacken.com/fileadmin/_processed_/1/3/csm_manntra_26_a22fae1fff.jpg,https://www.youtube.com/ManntraTV,5xKw7nNLyZ7UVvhaLC5kYd,,https://manntra.hr,https://www.facebook.com/ManntraOfficial,https://www.instagram.com/manntra_official,false
mantar,Mantar,mantar,wacken-json,425,Germany,,"<p>Im Bereich des Extremen sind Mantar weder Unbekannte noch Exoten. Die Band steht für höchste Qualität und hat sich einen Ruf als exzellente Live-Band erarbeitet. Die Bremer, die 2012 aus den Stahlbecken der Hansestadt entstiegen sind,&nbsp; haben sich von allem gelöst, was nicht essenziell für ihre Musik ist. Genauso kompromisslos wie dies erscheinen mag, klingt auch ihre Musik – ohne Schnörkel. Direkt, brutal und immer dahin, wo es weh tut. Nach eigener Aussage lediglich mit dem einen Ziel: Einfach kloppen! Und mit diesem Bewerbungsschreiben im Gepäck sagen wir Moin! beim W:O:A 2026.</p>",https://www.wacken.com/fileadmin/user_upload/Mantar-WOA26.jpg,https://www.wacken.com/fileadmin/_processed_/0/1/csm_Mantar-WOA26_41ea1e294a.jpg,https://www.youtube.com/channel/UClrxUayXC8nlv6TYLCK1MBQ,6rVRU7I6r1lt6bhXGYTRQL,,https://www.mantarband.com/,https://www.facebook.com/MantarBand/photos,https://www.instagram.com/mantarband,false
maschines-late-night-show,Maschine's Late Night Show,maschines-late-night-show,wacken-json,230,Germany,,"<p>35 Male Wacken Open Air. Kaum zu glauben, dass es einmal eine Zeit gab, in der Maschines Late Night Show nicht die Welcome To The Jungle Stage zu später Stunde mit Glanz, Konfetti und jeder Menge Glamour belebt hat. Unser Talkmaster mit der Föhnfrisur bekommt sie alle – denn auch die Stars der harten Unterhaltung wollen irgendwann mal in seiner Show und auf seinem Sofa zu Gast sein. Dass er bei euch sowieso ein Stein im Brett hat, wissen wir, denn wer liebt euch und wen liebt ihr? Maschine!</p>",https://www.wacken.com/fileadmin/user_upload/bandimages/bands2019/maschine_2019.jpg,https://www.wacken.com/fileadmin/_processed_/1/9/csm_maschine_2019_8c7405dcc6.jpg,,,,https://www.mlns.beer,https://www.facebook.com/MaschinesLateNight/,https://www.instagram.com/maschines_late_night_show/,false
metaklapa,Metaklapa,metaklapa,wacken-json,489,Croatia,,"<p>Sechs Sänger, sechs Stimmen, eine Leidenschaft – Metal! Kroatien schickt uns ein weiteres Mal ihre ganz eigene Heavy Metal Acapella Band auf den Holy Ground.</p> <p>Zwischen Fear of&nbsp;the&nbsp;dark, Wasted Years und anderen Maiden Klassikern steht eine Gruppe Männer, die unseren geliebten Metal in einem ganz bestimmten Stil darbieten, der sogar auf der UNESCO Weltkulturerbe Liste steht. Lasst uns dieser Band einen Wacken Moshpit zum Empfang gereichen, und sie wieder auf unserem Festival willkommen heißen.</p>",https://www.wacken.com/fileadmin/user_upload/bandimages/bands2024/metaklapa_2024.jpg,https://www.wacken.com/fileadmin/_processed_/8/7/csm_metaklapa_2024_ec19d5fd80.jpg,https://www.youtube.com/watch?v=b5fTNEtpKNA,2SfUXfS3jFhF3iHkp0Hyqh,,,https://www.facebook.com/metaklapa/,https://www.instagram.com/metaklapa/,false
midhaven,Midhaven,midhaven,wacken-json,1229,India,Metal Battle India,"<p class=""text-justify"">Midhaven ist eine vierköpfige Progressive-Metal-Band aus Mumbai, Indien. Mit dem Anspruch, eine eigenständige indische Stimme in die Welt der harten Musik zu tragen, schöpft die Band ihre Kraft aus dem Zusammenspiel westlicher Härte und indischer Ragas – und schafft mit jedem Release zeitlose, erderschütternde Kunst.</p>",https://www.wacken.com/fileadmin/user_upload/bandimages/bands2026/midhaven_26.jpg,https://www.wacken.com/fileadmin/_processed_/c/9/csm_midhaven_26_ad2bc280fa.jpg,https://www.youtube.com/watch?v=gfFr2TMmn6s,3dpwja8lSqNL1hDCzk7qXv,,https://www.youtube.com/@midhaven2496,https://www.facebook.com/midhaven.ind,https://www.instagram.com/midhaven.ind,true
minotaurus,Minotaurus,minotaurus,wacken-json,1209,Germany,,"<p>Hat hier jemand epische Mittelalter Geschichten im imposanten und authentischen Soundgewand gesagt? Wir kürzen das mal ab: Minotaurus!</p> <p>Die Aschaffenburger Institution huldigt dem Folk und Metal seit 1994 und mit ihrem aktuellen Album Memories In The Haze schwingen sie sich erneut dazu auf uns in ihre fantastische Welt miteinzutauchen. Genau das richtige für alle die, die sich abends gerne mal ein schönes Feierabend-Met genehmigen.</p>",https://www.wacken.com/fileadmin/user_upload/bandimages/bands2026/minotaurus_26.jpg,https://www.wacken.com/fileadmin/_processed_/9/0/csm_minotaurus_26_1ab67a12ae.jpg,https://www.youtube.com/watch?v=pSb58yYeMLg,5xop0K2B5eW7xafmEO42rO,,https://www.minotaurus-metal.com,https://www.facebook.com/MinotaurusBand/,https://www.instagram.com/minotaurusmetal,true
misery-index,Misery Index,misery-index,wacken-json,1141,United States,,"<p>Das Jahr 2026 bringt uns ein Vierteljahrhundert Misery Index. Ein Vierteljahrhundert feinstes Geknüppel – für uns selbstverständlich ein Grund zum Feiern, denn die Band macht seit über zwanzig Jahren mal wieder einen Einkehrschwung im hohen Norden.</p> <p>Ihr mit Hardcore-Elementen angereicherter Death Metal ist die ideale Spaßveranstaltung, die es gerne bretthart und ohne viel chichi mögen.</p> <p>Party On!</p>",https://www.wacken.com/fileadmin/user_upload/Misery_Index-WOA26.jpg,https://www.wacken.com/fileadmin/_processed_/5/a/csm_Misery_Index-WOA26_477d278139.jpg,https://www.youtube.com/channel/UCfk697jZnYGEfowTI3si6bw,1kTUJy3zL57iEANLB9FpIA,,https://www.miseryindex.com/#contacts,https://www.facebook.com/MiseryIndex,https://www.instagram.com/miseryindex.official/,true
misthyrming-nergal,Misþyrming & Nergal,misthyrming-nergal,wacken-json,1177,Iceland,"Perform Behemoth's ""Sventevith"" Storming Near The Baltic","<p>Wenn der dunkle Fürst zu seiner Gefolgschaft spricht, lauscht diese andächtig. Selbst wenn er sich nicht ganz so gewandet, wie man ihn kennt.</p> <p>Die Rede ist von Nergal und Misþyrming, die die teuflischen Hymnen und ketzerischen Melodien von Behemoths “Sventevith” ein weiteres Mal auf unsere Bühnen bringen werden.</p> <p>Verpasst diese unheilige Messe nicht. Verpasst nicht eines der Extreme Metal Highlights im Zeichen des Schädels!</p>",https://www.wacken.com/fileadmin/user_upload/bandimages/bands2026/Sventevith-Logo-2.jpg,https://www.wacken.com/fileadmin/_processed_/5/c/csm_Sventevith-Logo-2_da655748b4.jpg,https://www.youtube.com/watch?v=o7jeux7HJ08,32zyj5MW8nhKGMaGlp4njt,,https://www.behemoth.pl,https://www.facebook.com/behemoth/,https://www.instagram.com/behemothofficial/,true
mr-hurley-und-die-pulveraffen,Mr. Hurley und die Pulveraffen,mr-hurley-und-die-pulveraffen,wacken-json,630,Germany,,"<p>Sie segeln nicht auf Charts, sondern auf Chaos. Und manchmal beides!&nbsp;<br />Mr. Hurley &amp; die Pulveraffen verwandeln jedes Festival in eine Hafenkneipe mit Flammenwerfer – und so schossen sie sich ganz easy auch in Eure Herzen!<br />Zwischen Fiedel, Fluch und Fassbier erzählen sie Geschichten, die nach Salz schmecken.<br />Sie sind Theater, Trinkgelage und Therapie in einem. Manchmal albern, immer echt, nie leise. Und wer sie unterschätzt, wacht mit Augenklappe auf.</p>",https://www.wacken.com/fileadmin/user_upload/bandimages/bands2026/mr_hurley_und_die_pulveraffen_26.jpg,https://www.wacken.com/fileadmin/_processed_/b/0/csm_mr_hurley_und_die_pulveraffen_26_39b0d12506.jpg,https://www.youtube.com/watch?v=CmkiVnOCm6w,7zhSE4Ry047wUsemXtAzq9,,https://www.pulveraffen.de/,https://www.facebook.com/pulveraffen,https://www.instagram.com/mr.hurley_und_die_pulveraffen/,false
municipal-waste,Municipal Waste,municipal-waste,wacken-json,1180,United States,,"<p>Seit über 25 Jahren ist die US-amerikanische Groove-Maschinerie MUNICIPAL WASTE bereits aktiv und kehrt nach langer Zeit zurück nach Wacken. Schon 2007 haben die Musiker um Sänger Tony Foresta amtlich bewiesen, dass sie die Verfechter des Party Thrash sind und 2026 zeigen sie uns erneut ihre ganz eigene „Art of Partying“ – irgendwo zwischen Groove, Bier, Skateboards und einer ordentlichen Portion Hardcore Punk.</p>",https://www.wacken.com/fileadmin/user_upload/bandimages/bands2026/municipal_waste26.jpg,https://www.wacken.com/fileadmin/_processed_/4/1/csm_municipal_waste26_b40cb13d64.jpg,https://www.youtube.com/watch?v=ixd0u8ygOT8,2Ah9OuOj7B57gPD1cbwiaE,,https://www.municipalwaste.net,https://www.facebook.com/Municipalwaste,https://www.instagram.com/municipalwaste,false
nevermore,Nevermore,nevermore,wacken-json,1160,United States,,"<p>Wenn Metal eine Universität wäre, wäre Nevermore der Professor mit dem strengen Blick, der dir trotzdem eine Eins mit Sternchen gibt. Die aus Seattle stammende Truppe mixt Prog, Thrash und eine Prise Wahnsinn zu einem Soundcocktail, der deine Gehirnzellen auf Achterbahn schickt. Sänger Warrel Dane hatte die Stimme eines mysteriösen Zauberers, der einem mit jedem Ton Gänsehaut verpasst – und das, ohne dass du genau weißt, warum. Wer sie live erlebt hat, weiß: Das ist keine Band, das ist eine Gehirnwäsche deluxe – aber auf die beste Art! Der Holy Ground ist bereit!</p>",https://www.wacken.com/fileadmin/user_upload/bandimages/bands2026/nevermore_26b.jpg,https://www.wacken.com/fileadmin/_processed_/6/6/csm_nevermore_26b_55b9630985.jpg,https://www.youtube.com/channel/UCeSGLWthhnICFqIpfSFfrdg,1wUArE0NhHB8M1bU2WSplY,,,https://www.facebook.com/nevermorefans/,https://www.instagram.com/nev3rmoreofficial/,false
novelization,Novelization,novelization,wacken-json,1227,Netherlands,,"<p class=""text-justify"">Novelization ist eine atmosphärische Black- und Death-Metal-Band aus den Niederlanden. Gegründet 2023, besteht die Band aus Chris Garnier (Gitarre, Gesang), Max Bloemendal (Gitarre), Daan Huls (Schlagzeug) und Koert Janssen (Bass).</p> <p class=""text-justify"">In kurzer Zeit hat sich die Band in der lokalen Szene einen Namen gemacht – mit atmosphärischen Shows voller wuchtiger Riffs und kompromissloser Energie. Live entfesseln sie eine rohe Wucht, die das Publikum direkt mitreißt.</p> <p class=""text-justify"">Novelization verbindet atmosphärischen Black Metal und melodische Passagen mit Old-School Death Metal, inspiriert von Bands wie Death, Ulver und Dissection. Ihre Debütsingle „Sacrifice"" bringt all das auf den Punkt: eindringliche, immersive Klanglandschaften treffen auf riffgetriebene Intensität.</p>",https://www.wacken.com/fileadmin/user_upload/bandimages/bands2026/novelization_26.jpg,https://www.wacken.com/fileadmin/_processed_/1/3/csm_novelization_26_6842acc391.jpg,https://www.youtube.com/watch?v=WR6DHyJce1E,3poazkVxpS4USWiABaOBAZ,,,https://www.facebook.com/Novelization,https://www.instagram.com/novelization_arnhem,true
of-mice-and-men,Of Mice and Men,of-mice-and-men,wacken-json,36,United States,,"<p>Erst vor ein paar Wochen kam mit „Another Miracle“ das neue Album auf den Markt und nun dürfen wir die OF MICE &amp; MEN als Neuzugang im Line-up unseres Jubiläums-Festivals ankündigen. Die US-Amerikaner liefern uns nach mehreren Jahren Wartezeit eine dreiviertel Stunde Metalcore vom Feinsten – voller harscher Vocals, großen Melodien und einer starken Produktion. Live funktionieren die Songs übrigens auch hervorragend, wie sie jüngst auf ihrer Europa-Tour bewiesen haben. Es ist an der Zeit, den mächtigen Abriss auch in Wacken zu erleben.&nbsp;</p>",https://www.wacken.com/fileadmin/user_upload/bandimages/bands2026/of_mice_and_men_26.jpg,https://www.wacken.com/fileadmin/_processed_/5/2/csm_of_mice_and_men_26_26aab5f25c.jpg,https://www.youtube.com/channel/UCrh0I8I0l6eAj2DuW0GE_Fg,4tususHNaR68xdgLstlGBA,,https://www.ofmiceandmenofficial.com,https://www.facebook.com/ofmice,https://www.instagram.com/ofmiceandmen,false
orbit-culture,Orbit Culture,orbit-culture,wacken-json,1142,Sweden,,"<p>Wenn wir von Hype sprechen, können wir dies nicht tun, ohne die Schweden von Orbit Culture zu erwähnen. Allerdings: Wo Rauch ist, ist auch Feuer. Und gemäß diesem Motto bleibt uns nur übrig uns vor dem musikalischen Schaffen des Quartetts zu verneigen.<br />Orbit Culture stehen zurecht und gerade wegen ihrer Fähigkeit technischen Death Metal in eingängige Wege zu bringen, seit nun mehr 12 Jahren im Scheinwerferlicht der Metal Community. Der Holy Ground ist bereit sich in die nächste Dimension befördern zu lassen.&nbsp;</p>",https://www.wacken.com/fileadmin/user_upload/Orbit_Culture-WOA26.jpg,https://www.wacken.com/fileadmin/_processed_/d/c/csm_Orbit_Culture-WOA26_e0ccb2b84a.jpg,https://www.youtube.com/user/OrbitCultureOfficial,7k29FbDq69ju2fe6zTskxY,,https://www.orbitculture.com/,https://www.facebook.com/OrbitCulture,https://www.instagram.com/orbitculture,true
our-promise,Our Promise,our-promise,wacken-json,632,Germany,,"<p>Harte Arbeit zahlt sich aus. Im Falle von Our Promise ist wohl kaum ein anderes Sprichwort so zutreffend. Das Stuttgarter Sextett besticht mit einer explosiven Kombination aus melodischen Hooks, brutalen Shouts und starkem Songwriting.</p> <p>Dass die Band weiterhin unabhängig bleiben möchte und somit keine Kompromisse eingehen muss, hat sich bereits bezahlt gemacht. 2026 werden sie bereits zum zweiten Mal auf den Holy Ground zurückkehren, um euch im Pit einmal ordentlich in die Mangel zu nehmen. Gebraucht haben Our Promise dafür nicht mal sechs Jahre – beeindruckend.</p>",https://www.wacken.com/fileadmin/user_upload/bandimages/bands2026/our_promise_26.jpg,https://www.wacken.com/fileadmin/_processed_/a/0/csm_our_promise_26_661c3c384d.jpg,https://www.youtube.com/watch?v=bUdloauzhNc,4ISeDymLgZtEyx5Dy4BaqD,,https://our-promise.com,https://www.facebook.com/ourpromise.band,https://www.instagram.com/ourpromise.band,false
pod,P.O.D.,pod,wacken-json,1188,United States,,"<p>Bei allem Hype der aktuell berechtigterweise um die NuMetal Bands zu Beginn des jungen, neuen Jahrtausends herrscht darf man zwischen Korn und Co. P.O.D. nicht vergessen. Die Band aus San Diego hat den Boden ebenso bereitet wie andere Szenegrößen und sich somit ihren Platz in der Riege der ganz Großen redlich verdient. Glaubt ihr uns nicht? Dann lasst euch doch selbst vom peitschenden Groove, dem amtlichen Crossover zwischen Hip Hop und Metal oder der Bühnenpräsenz von Frotman Sonny Sandoval mitreisen.&nbsp;</p>",https://www.wacken.com/fileadmin/user_upload/bandimages/bands2026/POD_26.jpg,https://www.wacken.com/fileadmin/_processed_/f/0/csm_POD_26_52d8ce1512.jpg,https://www.youtube.com/channel/UC3B67QDqkDsS6H4SGpoYEIg,6KO6G41BBLTDNYOLefWTMU,,https://payableondeath.com/,https://www.facebook.com/POD/,https://www.instagram.com/pod/,false
paleface-swiss,Paleface Swiss,paleface-swiss,wacken-json,1143,Switzerland,,"<p>Dem Sensenmann mag man entkommen, aber Paleface Swiss werden eure Spur nicht verlieren. Die Züricher Deathcore Helden sind wie gute Bluthunde: Immer zur Stelle, wenn es drauf ankommt und bis auf die Zähne bewaffnet mit einem Arsenal an todbringenden Riffsalven. Hier werden keine Gefangenen gemacht.&nbsp;<br />Mit ihrem aktuellen Album Cursed hat die Band noch einmal ihren Sound verfeinert und ist nun bereit für ihre Premiere auf dem W:O:A. Die Frage ist nur: Seid ihr es auch?</p>",https://www.wacken.com/fileadmin/user_upload/Paleface_Swiss-WOA26.jpg,https://www.wacken.com/fileadmin/_processed_/6/2/csm_Paleface_Swiss-WOA26_9755b4556f.jpg,https://www.youtube.com/watch?v=VktMQwUmOq8,467M2s2YxXdlL2ZpDUNL3A,,https://palefaceswiss.com/,https://www.facebook.com/palefaceswiss,https://www.instagram.com/palefaceswiss/,true
paradise-lost,Paradise Lost,paradise-lost,wacken-json,1169,United Kingdom,,"<p>Paradise Lost schreiben keine Songs – sie graben Epitaphe.<br />Jede Zeile ein Stein, jede Note ein Gebet aus Ruß und Licht.<br />Mit <i>“Obsidian”</i> bewiesen sie, dass Schwermut kein Stillstand ist.<br />Sie sind Architekten der Dunkelheit, die Schönheit im Zerfall erkennen.<br />Ihr Sound riecht nach kaltem Rauch und heiligen Wunden.<br />Und wenn das letzte Echo verklingt, bleibt nur Stille – und Wahrheit.</p>",https://www.wacken.com/fileadmin/user_upload/bandimages/bands2026/oaradise_lost_26.jpg,https://www.wacken.com/fileadmin/_processed_/8/a/csm_oaradise_lost_26_339356239c.jpg,https://www.youtube.com/watch?v=C1_kMRiyt5w,71vVmHeNgCVSa5SVmfvscU,,https://paradiselost.co.uk,https://www.facebook.com/paradiselostofficial/,https://www.instagram.com/officialparadiselost/,false
phantom,Phantom,phantom,wacken-json,1144,Mexico,,"<p>Wenn die Bezeichnung „old school“ noch verwendet werden darf, dann sicherlich im Zusammenhang mit PHANTOM GDL aus Mexiko. Das Quartett wurde zwar erst 2021 in Guadalajara gegründet, steht aber für kompromisslosen Thrash-Metal der alten Schule. Szene-Kenner konnten die Fledermaus Jünger bereits letztes Jahr auf handverlesenen Europa-Konzerten erleben – von den verflixten Anreise-Pannen mal abgesehen. Seid euch sicher, wir setzen alles daran, dass der Tourbus nach Wacken nicht abschmiert und die Mexikaner ein pechschwarzes Thrash Metal-Set zum Besten geben können.</p>",https://www.wacken.com/fileadmin/user_upload/bandimages/bands2026/phantom_26.jpg,https://www.wacken.com/fileadmin/_processed_/c/7/csm_phantom_26_2946b95d36.jpg,https://www.youtube.com/watch?v=GCKY3om0ToM,6f9WeAPRDSevpjBAyGfVmV,,https://phantombandgdl.bandcamp.com/,https://www.facebook.com/phantommetalband/,https://www.instagram.com/phantom__speed/?hl=de,true
pig-destroyer,Pig Destroyer,pig-destroyer,wacken-json,1161,United States,Prowler In The Yard 25th Anniversary Set,"<p>Ford, McDonalds oder Coca-Cola – das alles sind im Mainstream verankerte Exportschlager der USA. Seit Jahrzehnten Teil der Pop-Kultur und Identitätsstifter sowie Style-Setter ganzer Generationen.<br />Gleiches kann wohl in ähnlicher Form auf die fünf Herren von Pig Destroyer gemünzt werden.<br />Fest im Underground der Extrem-Metal Szene verankert steht die Band aus Richmond, Virginia für kompromisslose Härte, die ihresgleichen sucht. Und sind wir mal ehrlich, das interessiert uns deutlich mehr als irgendwelche Trends oder Pop-Kulturen. Welcome Back!</p>",https://www.wacken.com/fileadmin/user_upload/Pig_Destroyer-WOA26.jpg,https://www.wacken.com/fileadmin/_processed_/7/9/csm_Pig_Destroyer-WOA26_111d076650.jpg,https://www.youtube.com/watch?v=XCCQruCU3bU&list=RDXCCQruCU3bU&start_radio=1,4raqfuxaWjPjrOQGb6zoa7,,https://www.pig-destroyer.com/,https://www.facebook.com/TheRealPigDestroyer/,https://www.instagram.com/pigdestroyerofficial/,true
poison-the-preacher,Poison The Preacher,poison-the-preacher,wacken-json,1195,Colombia,,"<p>POISON THE PREACHER wissen wofür die Ws im Wasted Wednesday stehen: Wüst und wild bringen sie den unheiligen Boden zum Beben. Aus Bogotá, der weit entfernten Hauptstadt Kolumbiens, reisen die vier Metaller nach Wacken in die Hauptstadt des Metal. Im Gepäck haben sie das Debütalbum „Vs The World“ (2025), um euch von ihrem brachialen Sound irgendwo zwischen Thrash Metal, Hardcore und ihrer tiefverwurzelten lateinamerikanischen Seele zu überzeugen.</p>",https://www.wacken.com/fileadmin/user_upload/bandimages/bands2026/poison_the_preacher_26.jpg,https://www.wacken.com/fileadmin/_processed_/5/c/csm_poison_the_preacher_26_719f682a4a.jpg,https://www.youtube.com/watch?v=wl5vdSFOAzc,3InxEfnjMqTJWqsWvHjjPU,,https://poisonthepreacher.bandcamp.com/music,https://www.facebook.com/poisonthepreacher,https://www.instagram.com/poisonthepreacher,true
powerwolf,Powerwolf,powerwolf,wacken-json,15,Germany,,"<p>Laut erklingt das markerschütternde Geheul der Wölfe über die flachen Ackerlandschaften Schleswig-Holsteins. Nimm dich in Acht Wacken: Die Wölfe sind los! Nach einiger Zeit der Abstinenz stattet uns Deutschlands angesagtestes Rudel endlich wieder einen Besuch ab. Mit im Gepäck: Power-Metal der Extraklasse. Mit einer ausgefeilten und opulenten Bühnenshow wird die Band ihre Wake Up The Wicked Tour auch nach Wacken bringen.</p> <p>Und weil wir uns über den Besuch der Saarbrücker so sehr freuen, stimmen wir ebenfalls in deren Geheul mit ein. Jedem der es nicht mit Metal hält sollten also bald schon die Haare zu Berge stehen.</p>",https://www.wacken.com/fileadmin/user_upload/Powerwolf-WOA26.jpg,https://www.wacken.com/fileadmin/_processed_/9/f/csm_Powerwolf-WOA26_acf32b8b68.jpg,https://www.youtube.com/watch?v=jhK2ev_O-pc,5HFkc3t0HYETL4JeEbDB1v,,https://www.powerwolf.net/,https://www.facebook.com/powerwolfmetal,https://www.instagram.com/officialpowerwolf/?hl=en,false
ricky-warwick,Ricky Warwick,ricky-warwick,wacken-json,1181,United Kingdom,,"<p>RICKY WARWICK ist ohne Frage ein vielbeschäftigter und unermüdlich kreativer Sänger und Gitarrist. Mit The Almighty, New Model Army, Thin Lizzy, Black Star Riders oder als Solomusiker hat er eine beeindruckende Diskografie zusammengestellt und veröffentlichte erst dieses Jahr sein neues Soloalbum „Blood Ties“. Bei seinen Fans stieß vor allem die Single „Don’t Leave Me In The Dark“ mit Lita Ford auf Begeisterung und ihr könnt gespannt sein, welche handverlesenen Songs ihr bei seiner Show auf dem Jubiläumsfestival zu hören bekommt.</p>",https://www.wacken.com/fileadmin/user_upload/bandimages/bands2026/ricky_warwick26c.jpg,https://www.wacken.com/fileadmin/_processed_/9/d/csm_ricky_warwick26c_9f35eea5b5.jpg,https://www.youtube.com/watch?v=ehGbqFkZYgw,5W7mxe09YZ9HfUimnNih8V,,https://www.rickywarwick.com,https://www.facebook.com/rickywarwickofficial,https://www.instagram.com/rickywarwickofficial,true
rose-tattoo,Rose Tattoo,rose-tattoo,wacken-json,18,Australia,Farewell Tour,"<p>Stuck on you – like a Rose Tattoo. Angy Anderson und seine australische Gang gehören genauso zum Wacken Inventar wie der Landgasthof. Zuverlässig steht der Fünfer um den ehemaligen AC/DC Bassisten Mark Evans für Rock’n’Roll mit Slide Gitarren, Tattoos und jeder Menge Attitüde. Grund zum Feiern gibt es 2026 auch, denn Rose Tattoo werden 50. Noch ein Anreiz mehr auf den Holy Ground zurückzukehren und das Dach von der Hütte zu pusten.</p> <p>Tats forever, forever tats!</p>",https://www.wacken.com/fileadmin/user_upload/bandimages/bands2026/rose_tattoo26.jpg,https://www.wacken.com/fileadmin/_processed_/5/5/csm_rose_tattoo26_a5747c907d.jpg,https://www.youtube.com/watch?v=fitciYI0jGI,1WsfEkSfrPIhy1lK7ZLRRH,,https://www.rosetattoo.com.au/,https://www.facebook.com/RoseTattoo,,false
running-wild,Running Wild,running-wild,wacken-json,1145,Germany,,"<p>Urgesteine? Nein! Urpiraten! Mit einem lauten ARRR heißen wir Running Wild willkommen zurück in Wacken! Sie gelten als die Väter des Pirate Metal und sie ziehen unzählige Epigonen nach. Mit der absoluten Legende, die das Album „Under Jolly Roger (1987)“ schreibt, hissten sie ihre Flagge über die Musikwelt. Frontmann Rolf Kasparek ist nicht nur der Kapitän dieses unaufhaltbaren Schiffs, sondern auch der Songwriter hinter den unzähligen Hits. Die Songs handeln von epischen Schlachten, versteckten Schätzen und Revolutionen – alles mit Gitarren, die klingen, als würden sie mit einem Haken gespielt werden. Ihr Besuch in Wacken wird auch gleichzeitig ihr letzter sein – sie beehren uns für eine letzte finale Show! Power Metal mit Tiefgang? Hier entlang!&nbsp;</p>",https://www.wacken.com/fileadmin/user_upload/Running_Wild-WOA26.jpg,https://www.wacken.com/fileadmin/_processed_/b/f/csm_Running_Wild-WOA26_5c9b78de18.jpg,https://www.youtube.com/channel/UC8mEKsJhuwbfY1jSDTxplog,7954VFaZClkL503srfV5PE,,,https://www.facebook.com/runningwildmusic/,https://www.instagram.com/runningwildmusic/,false
sabaton,Sabaton,sabaton,wacken-json,2,Sweden,,"<p>Heutzutage wird viel über die Headliner von morgen gesprochen.&nbsp;</p> <p>Wer kommt nach Maiden, wer folgt auf Metallica, wer beerbt Helloween?&nbsp;</p> <p>Und während wir uns immer noch an diesen Helden erfreuen können, steht die nächste Generation doch schon lange bereit. Zwischen Bombast und Historie.</p> <p>Schicksalsträchtigen Schlachten und epischen Helden da stehen sie, die Stadion füllenden Sturmtruppen des Power Metals – Sabaton.&nbsp;</p> <p>Das schwedische Aushängeschild des Genres.&nbsp;</p> <p>Mit nun mehr deutlich über einem Vierteljahrhundert Bandgeschichte und 11 ebenso grandiosen, wie richtungsweisenden Alben kehren die fünf kampferprobten Barden wieder auf den Holy Ground zurück.&nbsp;</p> <p>Bereit mit offenem Visier und bis an die Zähne bewaffnet die nächste Schlacht, Seite an Seite mit euch auszutragen, Metalheads! Sie sind nicht nur die möglichen Headliner von morgen – sie führen unser Feld bereits jetzt an.</p>",https://www.wacken.com/fileadmin/user_upload/bandimages/bands2026/sabaton_26.jpg,https://www.wacken.com/fileadmin/_processed_/a/4/csm_sabaton_26_143decf5a4.jpg,https://www.youtube.com/watch?v=vPbaLrbU6Ho,3o2dn2O0FCVsWDFSh8qxgG,,https://www.sabaton.net,https://www.facebook.com/sabaton/,https://www.instagram.com/sabatonofficial/,false
sacred-steel,Sacred Steel,sacred-steel,wacken-json,1146,Germany,,"<p>Lang ist es her, als SACRED STEEL in den 90ern das erste Mal auf dem W:O:A gespielt haben. Umso größer die Freude, dass die Metaller um Gerrit Mutz den Wasted Wednesday 2026 anführen. Die Baden-Württemberger Stahlschmiede strotzt mit neuen Mitgliedern, Toni Ieva am Bass und Jörn Langenfeld als Saitenhexer, nur so vor Energie und bleibt dennoch ihrer mächtigen Diskografie und ihren Trademarks verbunden, was wir jüngst auf dem aktuellen Longplayer „Ritual Supremacy“ (2025) hören konnten. Horns up und Hand aufs Herz – das wird legendär!</p>",https://www.wacken.com/fileadmin/user_upload/bandimages/bands2026/sacred_steel_26.jpg,https://www.wacken.com/fileadmin/_processed_/d/0/csm_sacred_steel_26_78f1daf932.jpg,https://www.youtube.com/watch?v=YaKCeyQA_8o,0IZvYyslQEyG9Aa4Sy2orL,,https://www.sacredsteel.de/,https://www.facebook.com/sacredsteelofficial,https://www.instagram.com/sacredsteelofficial,true
sagenbringer,Sagenbringer,sagenbringer,wacken-json,1210,Germany,,"<p>Ein Folk Metal Flächenbrand nähert sich unserem heiligen Acker und an seiner Speerspitze stehen keiner Geringeren als Azaril, Skjomi, Haldruhir, Trygve besser bekannt als Sagenbringer. Mit viel Geschick und einer ganzen Menge Liebe zum Detail ziehen die vier seit 5 Jahren Metalheads in ihren Bann und nehmen sie mit auf eine Reise durch ihre Welt. Wie es sich für echte Erzähler gehört, wohnt auch ihnen eine ganz besondere Gabe inne: Einmal verzaubert, kann man sich ihnen nicht mehr entziehen.</p>",https://www.wacken.com/fileadmin/user_upload/bandimages/bands2026/sagenbringer_26.jpg,https://www.wacken.com/fileadmin/_processed_/7/2/csm_sagenbringer_26_b57d26c84d.jpg,https://www.youtube.com/watch?v=uI3eArehLps,66ezn48mPS89ukz6Fo3nqx,,https://www.sagenbringer.com,https://www.facebook.com/sagenbringer/,https://www.instagram.com/sagenbringer_official/,true
savatage,Savatage,savatage,wacken-json,1147,United States,,"<p>Savatage vereinen Power und Prog-Metal wie kaum ein Anderer. Gegründet von dem Brüderduo Jon und Criss Oliva in Florida sind sie schnell zu einer der einflussreichsten US-Amerikanischen Bands erkoren. Bekannt für dramatisch und symphonische Konzeptalben, haben sie sich mit Klassikern wie <i>Hall of the Mountain King, Gutter Ballet&nbsp;</i>und<i> Streets: A Rock Opera</i> einen Namen gemacht. Nach dem tragischen Tod von Criss Olivia 1993 führte John Oliva sein Vermächtnis fort.&nbsp; Aus diesem entwickelt sich das weltweit erfolgreiche <i>Trans-Siberian Orchestra.&nbsp;</i>Aber nach einer langen Pause trat Savatage 2015 wieder gemeinsam auf – und nun beehren sie endlich auch den Holy Ground, wir können es kaum abwarten in ihre Welt einzutauchen.&nbsp;</p>",https://www.wacken.com/fileadmin/user_upload/Savatage-WOA26.jpg,https://www.wacken.com/fileadmin/_processed_/9/9/csm_Savatage-WOA26_6be2e38515.jpg,https://www.youtube.com/channel/UCxy4Z6XF2t00cVSN0Qa55Uw,3N1B1g6JtIgd6ClRkzD4yT,,,https://www.facebook.com/savatage/?locale=de_DE,https://www.instagram.com/thisissavatage/,false
saviourself,Saviourself,saviourself,wacken-json,1219,Germany,,"<p>Irgendetwas muss in Kiel im Wasser sein. Anders können wir uns die Intensität mit der Saviourself ihren NuMetal mit deutlichem Hardcore Einschlag auf die Bretter bringen und ihresgleichen sucht, nicht erklären. Sind wir ehrlich, die 90er schauen gerade neidisch in den hohen Norden und bewundern, was der Vierer seit 2017 auf die Beine stellt. Und genau deswegen holen wir uns eben auch die volle Prise Nackenbrecher auf den Holy Ground.</p>",https://www.wacken.com/fileadmin/user_upload/bandimages/bands2026/saviourself_26.jpg,https://www.wacken.com/fileadmin/_processed_/a/5/csm_saviourself_26_2359155f97.jpg,https://www.youtube.com/watch?v=kGm11oNWVNA,7CkHF3MbHm4kTdB9ZOJkV4,,,https://www.facebook.com/faceiourself/,https://www.instagram.com/saviourselfde/,true
saxon,Saxon,saxon,wacken-json,175,United Kingdom,,"<p>Saxon sind die Typen, die du auf dem Highway triffst, wenn du denkst, du hättest Metal verstanden – und sie überfahren dich lächelnd. Biff Byford hat den Tod am Revers gepackt, ihm die Zähne gezeigt und weitergesungen. Erst kam das Album “Carpe Diem” dann Biff’s Herz OP – der Name Programm: kein Comeback, sondern ein Kriegsruf. Die Gitarren sind Turbinen, die Stimme klingt nach Denim, Leder und Gasoline. Wacken ist Saxon und DSaxon ist Wacken. Eine Verbindung, die niemand so schnell trennen wird.</p>",https://www.wacken.com/fileadmin/user_upload/bandimages/bands2026/saxon_26.jpg,https://www.wacken.com/fileadmin/_processed_/3/6/csm_saxon_26_0097ea04d2.jpg,https://www.youtube.com/watch?v=-QOREbJ4D70,71vVmHeNgCVSa5SVmfvscU,,https://saxon747.com,https://www.facebook.com/saxon/,https://www.instagram.com/saxon.official,false
sepultura,Sepultura,sepultura,wacken-json,1148,Brazil,Last German Festival Show,"<p>Sepultura gehören zu den ganz Großen. Gegründet 1984 in Belo Horizonte von den Brüdern Max und Igor Cavalera etablierte sich die Riff-Maschine als Thrash-/Death-Band, bevor &nbsp;<i>„Chaos A.D“&nbsp;</i>und <i>„Roots“&nbsp;</i>zeigen sie sich stark als Groove-Metal Pioniere. Trotz Turbulenzen, setzt Sepultura sich vehement durch und entwickeln sich musikalisch immer weiter und bleiben politisch scharfkantig. Auch ohne Originalbesetzung halten sie den Spirit der Band hoch. Auf Wacken dürfen wir sie zum 5. Mal begrüßen und freuen uns jedes Mal mehr. Sepultura bleibt ein Meilenstein des internationalen Metal – politisch, innovativ und kompromisslos. Nun kommt ein letztes Mal rum und lasst uns Zeugen von absoluter Größe werden!</p>",https://www.wacken.com/fileadmin/user_upload/Sepultura-WOA26.jpg,https://www.wacken.com/fileadmin/_processed_/6/1/csm_Sepultura-WOA26_f6b8328d6d.jpg,https://www.youtube.com/channel/UC4Prl7UQx5i5PgRUh-O5XBg,6JW8wliOEwaDZ231ZY7cf4,,https://www.sepultura.com.br/,https://www.facebook.com/search/top?q=sepultura,https://www.instagram.com/sepultura,false
sinamort,Sinamort,sinamort,wacken-json,1224,Lithuania,Metal Battle Lithuania,"<p class=""text-justify"">SINAMORT ist ein Progressive-Doom-Metal-Quartett aus Litauen, angeführt von Songwriter, Gitarrist und Sänger Juozas Grigas, ergänzt durch Rimantas Galvonas (Gitarre), Paulius Musteikis (Bass) und den neuesten Zugang Vykintas Vainius (Schlagzeug).</p> <p class=""text-justify"">Die Band sprengt bewusst die Grenzen des Metal-Genres und verbindet wuchtiges, unorthodoxes Riffing mit komplexer Harmonik – durchzogen von Momenten ruhiger Melancholie und atmosphärischen Passagen. Klassisches Death/Doom-Schema trifft auf modernen Progressive Metal.</p> <p class=""text-justify"">Ihr Debütalbum THE IDLE VEIL wurde von Metalstorm.net als „Bestes Doom-Metal-Album des Jahres"" nominiert und von den Rezensenten als „eine Adrenalinspritze ins Herz des Death Doom"" gefeiert.</p>",https://www.wacken.com/fileadmin/user_upload/bandimages/bands2026/sinamort_26.jpg,https://www.wacken.com/fileadmin/_processed_/b/7/csm_sinamort_26_76b1458fee.jpg,https://www.youtube.com/watch?v=zf8cuo1HZMM,5MIQTIloEJunbdyIcANNwW,,,https://www.facebook.com/sinamort,https://www.instagram.com/sinamortofficial,true
skyline,Skyline,skyline,wacken-json,152,Germany,,"<p>Sie gehören ohne Frage zu den Bands mit einer ganz besonderen Beziehung zum Festival. SKYLINE eröffneten das erste W:O:A im Jahr 1990 und auch zum Jubiläum rocken sie den Holy Ground. Andreas „Gösy“ Schlüter und seine Mitstreiter haben auf ihren beiden Alben „Uncovered“ (2019) und „Human Monster“ (2024) jede Menge Material zum Feiern, u.a. die beiden Wacken-Hymnen „This is „W:O:A“ und „30 Years Ago“. Diedel zu Ehren recken wir die Pommesgabel extra weit in die Höhe!</p>",https://www.wacken.com/fileadmin/user_upload/bandimages/bands2024/skyline_2024.jpg,https://www.wacken.com/fileadmin/_processed_/6/5/csm_skyline_2024_a76c70015c.jpg,https://www.youtube.com/channel/UCXq0__ipINAnvZT9LXuMX3A,648WDOhkiezX4fVNIfqbD4,,https://skylineofficial.de,https://www.facebook.com/SkylineOfficial,https://www.instagram.com/skyline.official,false
skynd,Skynd,skynd,wacken-json,170,Australia,,"<p>Skynd sind zurück beim W:O:A! Die geheimnisvolle Sängerin gleichen Namens und ihr Partner Father kehren erneut auf den Holy Ground zurück, um das Publikum mit einer Mischung aus elektronischer Musik, brutalen Ausbrüchen und erschütternden, von realen Verbrechen inspirierten Texten zu fesseln. Das australische Duo, das seine Identität lieber geheim hält, nimmt die lange Reise aus Down Under erneut auf sich – nur für euch!<br />&nbsp;</p>",https://www.wacken.com/fileadmin/user_upload/bandimages/bands2026/skynd26.jpg,https://www.wacken.com/fileadmin/_processed_/7/3/csm_skynd26_fdaccaa45e.jpg,https://www.youtube.com/watch?v=KmpQcXTJfpk,3Ca8UhvMDcgM1zyfAZGw3M,,https://skynd-music.com,https://www.facebook.com/skynd.music,https://www.instagram.com/skynd_music/,false
speak-in-whispers,Speak in Whispers,speak-in-whispers,wacken-json,1221,Cyprus,Metal Battle Cyprus,"<p class=""text-justify"">Speak In Whispers ist eine Progressive-Groove-Metal-Band aus Zypern, gegründet 2017. Längst eine feste Größe in der Live-Szene, ist die Band bekannt für energiegeladene Shows und ihren komplexen, groove-lastigen Sound.</p> <p class=""text-justify"">Sie spielten beim Bloodstock Open Air 2025 und teilten die Bühne unter anderem mit Freak Kitchen, Rage, Poem, Planet of Zeus und Welicoruss. Ihre Debüt-EP The Dark Descent (2020) etablierte ihren Stil; ihr Debütalbum Crystalline Structures erschien am 28. März 2025 über M&amp;O Music.</p>",https://www.wacken.com/fileadmin/user_upload/bandimages/bands2026/speak_in_whispers_26.jpg,https://www.wacken.com/fileadmin/_processed_/9/9/csm_speak_in_whispers_26_157b14e684.jpg,https://www.youtube.com/watch?v=AQ7C-HvyDhY,61Usxx24TwxGUlTUhE2S4u,,,https://www.facebook.com/speakinwhispers,https://www.instagram.com/speak.in.whispers,false
spectral-wound,Spectral Wound,spectral-wound,wacken-json,1175,Canada,,"<p>Den tiefen Wäldern und endlosen Berglandschaften Kanadas entsteigt eine Entität, die es sich auf die dunklen Fahnen geschrieben hat, die nie endende Dunkelheit und klaustrophobische Panik ihrer Musik hinaus in die Welt zu tragen. Spectral Wound und ihr traditioneller Black Metal schlagen hohe Wellen im Untergrund und werden nun die Wacken Bühnen entern. Aber Achtung: Wenn ihr auf diesen Weg folgt, gibt es kein Zurück!</p>",https://www.wacken.com/fileadmin/user_upload/bandimages/bands2026/spectral_wound26.jpg,https://www.wacken.com/fileadmin/_processed_/2/e/csm_spectral_wound26_3263ad4710.jpg,https://www.youtube.com/watch?v=SLrLtrrZM68,3i6zP2x9GMBV3WyRzqQtM6,,,https://www.facebook.com/spectralwoundcontramundi/,https://www.instagram.com/spectral.wound/ Instagram,true
stonem,Stonem,stonem,wacken-json,1211,Germany,,"<p>Cool, cooler, Stonem! Wer sich die Full&nbsp;Metal Cruise 2025 gut schmecken lassen hat, kennt die Augsburger Modern Metal Truppe, die bereits seit 2014 die Bühnen dieser Welt stürmt. Alle, die bisher noch zu den Unwissenden zählen seien gewarnt: Der Groove, der bei Stonem auf beinharte Metalparts trifft, die Shouts, die sich im Wechselspiel mit cleanen Vocals ergänzen und der nötige Schuss Rock’n’Roll Attitüde machen die Band zu einer fast süchtig machenden Erfahrung. Nächster Halt: Wacken, Holy Ground</p>",https://www.wacken.com/fileadmin/user_upload/bandimages/bands2026/stonem_26.jpg,https://www.wacken.com/fileadmin/_processed_/4/9/csm_stonem_26_e1ff4b71dd.jpg,https://www.youtube.com/watch?v=SxsLwcMcmMc,4h4QdZPbKp8lz7PEA1FqkO,,,https://www.facebook.com/StonemMetal/,https://www.instagram.com/stonem_metal/,true
storm-seeker,Storm Seeker,storm-seeker,wacken-json,430,Germany,,"<p>Setzt die Segel und brecht mit uns auf in die sagenumwobene Piratenwelt von STORM SEEKER! Bei den Folk-Rockern weht in der Tat ein frischer Wind, da sie mit „Set Your Sails“ das erste Album mit ihrem neuen Sänger Manuel Depryck von der Leine gelassen haben. Doch der Kompass weicht nicht ab vom altbekannten und geschätzten Kurs der Band: Muntere Seemannslieder, Geschichten von durchzechten Nächten in der Hafenkneipe und mächtigen Seeabenteuern warten auf euch. Arrrr, das wird ein Fest!</p>",https://www.wacken.com/fileadmin/user_upload/bandimages/bands2026/stormseeker26.jpg,https://www.wacken.com/fileadmin/_processed_/c/9/csm_stormseeker26_ffac69751b.jpg,https://www.youtube.com/watch?v=UUlhSXG6dSk,4zAK8a87dIdPw6xRYvsr4c,,https://www.storm-seeker.com/,https://www.facebook.com/Stormseekerband,https://www.instagram.com/stormseekerband,false
subway-to-sally,Subway to Sally,subway-to-sally,wacken-json,93,Germany,,"<p>Zum Glück wurde nicht wahr, was nach 30 Jahren herausragender Bandgeschichte gemunkelt wurde. SUBWAY TO SALLY gibt es noch, stärker als jemals zuvor!&nbsp;Auf ihrem aktuellen Album „Post Mortem“ (2024) hat die Mittelalter&nbsp;Rock-Institution bewiesen, dass Totgesagte länger leben und dass sie noch immer das Zepter ihres Genres fest in der Hand haben. So fühlt es sich großartig an, dass Eric Fish und co. nach mehreren Jahren Pause endlich wieder auf das W:O:A zurückkehren – für ihre verflixte und magische 13. Show auf dem Holy Ground.</p>",https://www.wacken.com/fileadmin/user_upload/bandimages/bands2026/subway_to_sally_26.jpg,https://www.wacken.com/fileadmin/_processed_/6/3/csm_subway_to_sally_26_c89a7c04fa.jpg,https://www.youtube.com/watch?v=Q-pgg4lmjrM,544X9aDcwFDSon8HevRcqg,,https://subwaytosally.com,https://www.facebook.com/subwaytosally,https://www.instagram.com/subwaytosallyofficial,false
temple-of-the-absurd,Temple of the Absurd,temple-of-the-absurd,wacken-json,1212,Germany,,"<p>Temple Of The Absurd ist so ein Name, bei dem alte Thrash-Fans sofort anfangen zu grinsen. Das Projekt von Sabina Classen – vielen als Stimme von Holy Moses bekannt – tauchte in den 90ern im deutschen Underground auf und hinterließ mit „Absurd“ einen ordentlichen Krater. Jetzt kehrt die Band zurück. Und wenn so eine Reunion auf dem Wacken-Acker passiert, weiß man: Es wird laut.</p>",https://www.wacken.com/fileadmin/user_upload/bandimages/bands2026/temple_of_the_absurd_26.jpg,https://www.wacken.com/fileadmin/_processed_/f/a/csm_temple_of_the_absurd_26_ad20ecb9ce.jpg,,0nUPTibxuWvP3nGFOyDOQl,,,,https://www.instagram.com/sabina_holy_moses/,false
ten56,Ten56.,ten56,wacken-json,1149,France,,"<p>Wer sagt die neue Generation sei nicht zu retten? Ten56 ist der Beweis dafür, dass zumindest Metal immer noch in sehr guten Händen ist. Die im Jahr 2021 von Ex-Betraying The Martyrs Sänger Aaron Matts gegründete Metalcore Formation kombiniert moderne Deathcore Elemente mit düsteren Industrial Sound. Mit allem, was dazu gehört: Brachiale Breakdowns und emotionale Lyrics. Ten56 ist Teil einer neuen Generation die Genregrenzen sprengen und mit hartem sowie atmosphärischem Sound neue Ideale setzten. Trotz des kurzen Bestehens der Band, zieht sie schon eine treue Fanbase mit sich mit, weswegen wir Bühne frei machen für Ten56 auf dem Wacken 2026.</p>",https://www.wacken.com/fileadmin/user_upload/Ten56-WOA26.jpg,https://www.wacken.com/fileadmin/_processed_/c/b/csm_Ten56-WOA26_515bdac59e.jpg,https://www.youtube.com/channel/UCHSO-EA-qfxAbV8jQiSfH4w,28dpy0DQotTkBXcTlniQii,,,https://www.facebook.com/ten56hq/,https://www.instagram.com/ten56hq/,true
the-butcher-sisters,The Butcher Sisters,the-butcher-sisters,wacken-json,992,Germany,,"<p>Die&nbsp;Butcher Sisters&nbsp;kommen 2026 nach Wacken zurück – offiziell eingeladen,&nbsp;<i>inoffiziell unter Beobachtung</i>, seit sie mit der&nbsp;Abriss-25-Hymne&nbsp;damals halb Schleswig-Holstein in Schwingung versetzt haben. Drei Bierstände kippten, ein Dixiklo wanderte 12 Meter, und ein Moshpit wurde später vom Geologie-Institut als „lokaler Erdrutsch“ eingestuft.</p> <p>Für 2026 versprechen sie:<br />&nbsp;Noch mehr Abriss. Noch mehr Lärm. Noch weniger Rücksicht.<br />&nbsp;Gerüchte sagen, die neue Hymne sei so heftig, dass sie bereits in der Testphase zwei Verstärker, einen Stromkasten und die Geduld eines Toningenieurs zerstört hat.</p> <p>Wacken kann sich also warm anziehen – die&nbsp;Butcher Sisters&nbsp;kommen zurück, um den Abriss 25 wie ein gemütliches Kaffeekränzchen aussehen zu lassen.</p>",https://www.wacken.com/fileadmin/user_upload/bandimages/bands2026/the_butcher_sisters26.jpg,https://www.wacken.com/fileadmin/_processed_/7/a/csm_the_butcher_sisters26_63acf7d891.jpg,https://www.youtube.com/watch?v=K4y_YlW6ezA,6j8vGWE3wKAFEn0ngreusM,,https://thebutchersisters.com/,https://www.facebook.com/thebutchersisters/,https://www.instagram.com/thebutchersisters,false
the-gathering,The Gathering,the-gathering,wacken-json,1150,Netherlands,Exclusive Show in Germany in 2026,"<p>Ihr seid auf der Suche nach einer Hypnose? Auch das geht auf dem Holy Ground und The Gathering sorgen dafür. Die Anfänge der Band lagen im Doom und Death-Metal, danach verlegte die Band ihre Heimat schließlich in den Atmospheric und Progressive Rock, vor allem durch den Einfluss von Anneke van Giersbergen. Ihr gefühlvoller Gesang prägte die Band nachhaltig. Sie gelten als stilprägende Band und waren unter den Ersten, die weiblichen Gesang prominent im Metal integrierten. Zur Feier des 30-jährigen Jubiläums von Mandylion wird die Originalbesetzung von The Gathering mit Anneke van Giersbergen eine exklusive Show in Deutschland spielen – beim Wacken Open Air 2026!</p>",https://www.wacken.com/fileadmin/user_upload/The_Gathering-WOA26.jpg,https://www.wacken.com/fileadmin/_processed_/0/2/csm_The_Gathering-WOA26_57ded7843d.jpg,https://www.youtube.com/user/TheGatheringband,2kO6zjt4a1OIqxOERhliEX,,https://gathering.nl/,https://www.facebook.com/thegatheringofficial/,https://www.instagram.com/thegatheringband/?igshid%201do2dc4ht1cbl,false
the-hardkiss,The Hardkiss,the-hardkiss,wacken-json,1076,Ukraine,,"<p>Diese ukrainische Formation ist wie eine audiovisuelle Explosion in High Definition. Seit 2011 mixt The Hardkiss hymnische Rock-Hymnen mit elektronischen Klanggewitter und einer Bühnenpräsenz, bei der selbst Muse nervös zucken würden. Sängerin Julia Sanina ist dabei nicht nur stimmgewaltig, sondern auch visuell ein Gesamtkunstwerk. Sie verbinden düsteren Glam mit Stadiontauglichkeit – für Fans von Nightwish ein Muss!&nbsp;</p>",https://www.wacken.com/fileadmin/user_upload/bandimages/bands2026/The_Hardkiss-WOA26.jpg,https://www.wacken.com/fileadmin/_processed_/9/8/csm_The_Hardkiss-WOA26_2db7165b54.jpg,https://www.youtube.com/thehardkiss,4IJcztNtY5L7G3qK4yu1qt,,https://www.thehardkiss.com/en,https://www.facebook.com/THEHARDKISS/,https://www.instagram.com/the_hardkiss,false
the-haunted,The Haunted,the-haunted,wacken-json,1151,Sweden,,"<p>The Haunted sind Wut mit Struktur, Lärm mit Absicht.<br />&nbsp;Sie haben aus dem Erbe von <i>At the Gates</i> ihr eigenes Monster gebaut.<br />&nbsp;<i>“Strength in Numbers”</i> ist die Blaupause: schnell, präzise, unerbittlich.<br />&nbsp;Ihre Songs sind wie Stürme, die Häuser mit System abtragen.<br />&nbsp;Keine Posen, keine Pausen – nur Druck.&nbsp;Und wenn es vorbei ist, willst du sofort wieder rein.</p>",https://www.wacken.com/fileadmin/user_upload/The_Haunted-WOA26.jpg,https://www.wacken.com/fileadmin/_processed_/d/3/csm_The_Haunted-WOA26_849d3b2a7e.jpg,https://www.youtube.com/channel/UCu0VWKjVjtxVIUPUhJf3_3g,2WLmgv66Uq4vt2i36vwkAq,,https://thehaunted.shop/,https://www.facebook.com/officialthehaunted/,https://www.instagram.com/thehauntedrocks/,false
the-limit,The Limit,the-limit,wacken-json,1213,United States,,"<p>Was glaubt ihr, würde dabei rauskommen, wenn man Pentagram, die Testors und Stooges zusammen in einen akustischen Cocktail-Mixer packt, ein Schlückchen (das können wir hier nur betonen!) Whiskey dazugibt und dann gut schüttelt? Richtig: The Limit. Die superste aller Super Groups fährt mit Bobby Liebling, Sonny Vincent und Jimmy Recca den Legenden-Spiegel in schwindelerregende Höhen. Und auch musikalisch macht dem US amerikanischen Fünfer niemand etwas vor. Punk und Doom geben sich die Klinke in die Hand und lassen unsere pechschwarzen Herzen tiefer aber nicht weniger intensiv schlagen! Ob Vorfreude wohl ansteckend ist?</p>",https://www.wacken.com/fileadmin/user_upload/bandimages/bands2026/the_limit_26.jpg,https://www.wacken.com/fileadmin/_processed_/b/6/csm_the_limit_26_954965f6df.jpg,https://www.youtube.com/watch?v=UBfQXrPBxOI,,,,https://www.facebook.com/TheLimitRock/,,true
the-other,The Other,the-other,wacken-json,304,Germany,,"<p>Punks, Rockers, Goths und Metalheads aufgepasst, es ist Gruselalarm!&nbsp;Denn THE OTHER suchen den den Acker heim! So wie die Band am 31.10.2025 passend zu Halloween ihr neues Studioalbum „Alienated“ veröffentlicht hat, ist sie pünktlich im Sommer zum W:O:A mit ihrer makabren Show am Start.&nbsp;Macht euch gefasst auf ein Set voller Schauergeschichten, bester Unterhaltung und dem üblichen Augenzwinkern, das dem Horrorpunk die humorvolle Würze verpasst.</p>",https://www.wacken.com/fileadmin/user_upload/bandimages/bands2026/the_other_26.jpg,https://www.wacken.com/fileadmin/_processed_/4/8/csm_the_other_26_bb6a90d46d.jpg,https://www.youtube.com/watch?v=AOSS3e2EljI,0a3Gua6g9TZBKlDSqebL7W,,https://theother.de,https://www.facebook.com/theotherhorrorpunk,https://www.instagram.com/theotherhorrorpunk,false
the-troops-of-doom,The Troops Of Doom,the-troops-of-doom,wacken-json,1152,Brazil,,"<p>THE TROOPS OF DOOM haben sich nicht ohne Grund einen beachtlichen Ruf in der brasilianischen Metalszene erspielt: Der ehemalige Sepultura Gitarrist Jairo „Tormentor“ Guedz und seine Mitstreiter haben seit 2020 fast jährlich neues Material produziert und touren unermüdlich durch die Welt. Zeit, das Quartett in Wacken zu begrüßen, um den Wasted Wednesday erfolgreich um eine lautstarke Death-Metal-Show zu erweitern.</p>",https://www.wacken.com/fileadmin/user_upload/bandimages/bands2026/troops_of_doom26.jpg,https://www.wacken.com/fileadmin/_processed_/6/6/csm_troops_of_doom26_13f1c1c107.jpg,https://www.youtube.com/watch?v=c27LxrSRsSk,1GCnpVka37q3EXMVnK9bma,,https://www.thetroopsofdoom.com/,https://www.facebook.com/thetroopsofdoom,https://www.instagram.com/thetroopsofdoom,true
therapy,Therapy?,therapy,wacken-json,293,United Kingdom,,"<p>Therapy? Ja, Therapy! Das Alternative Rock-Trio aus Nordirland gehört fest zur Szene und hat sich mit 16 Studioalben und zahlreichen Tourneen eine treue Fanbase erspielt. Nach einer 30 Jahre-Jubiläumstour zum Erfolgsalbum „Troublegum“, stürmt die Band um Sänger und Gitarrist Andy Cairns nächstes Jahr erneut die Bühnen der Welt und lässt den Punk von den Leinen. Ob „Screamager“, „Diane“ oder „Nowhere“ – die Matte wird geschüttelt!</p>",https://www.wacken.com/fileadmin/user_upload/bandimages/bands2026/therapy26.jpg,https://www.wacken.com/fileadmin/_processed_/8/5/csm_therapy26_acbd2ac94b.jpg,https://www.youtube.com/watch?v=nhJHs5UEV2Q,3MomZRiJwdZmYnysgtF4Ey,,https://therapyquestionmark.co.uk,https://www.facebook.com/Therapyofficial,https://www.instagram.com/therapyofficial,false
thomas-nicholas-band,Thomas Nicholas Band,thomas-nicholas-band,wacken-json,1231,United States,,"<p>Wenn zwei Ikonen der 90er Jahre aufeinandertreffen, dann wird es zwangsläufig legendär! Während in Norddeutschland Metal Geschichte geschrieben wurde, erlangte Thomas Nicholas Berühmtheit durch seine Rollen in der Kult Trilogie American Pie!</p> <p>Die harten Klänge hat er, auch in den schwierigen 1990er Jahren, immer im Herzen getragen. Mit seiner eigenen Band stand diese immer auch gleichberechtigt neben der Schauspielerei. Deswegen hieven wir ihn jetzt auf unsere Bühnen auf den Holy Ground. Zwischen Kindheitserinnerungen, Jugend-Schwärmerei und Heavy Metal in Reinkultur – das ist der Stoff aus dem Legenden werden.</p>",https://www.wacken.com/fileadmin/user_upload/bandimages/bands2026/thomas_nicholas_26.jpg,https://www.wacken.com/fileadmin/_processed_/d/6/csm_thomas_nicholas_26_d2983140b2.jpg,https://www.youtube.com/watch?v=zoFXmsbjKuY,553ygvIoh7oel0K4hrC1dC,,https://www.tinicholas.com/music,https://www.facebook.com/TINband/,https://www.instagram.com/tinband/,true
thrown,Thrown,thrown,wacken-json,1153,Sweden,,"<p>Ihr steht auf brutale Beatdowns, zuckersüße Melodien und mitreißende Riffs? Dann haben wir mit den Stockholmern Thrown genau die richtige Kapelle für euch!<br />Mit ihrer Mischung aus Nu-Metal, Hardcore und Metalcore sorgt der Vierer für Adrenalinausschüttung am Rande des Legalen!&nbsp;<br />Bereits mehr als sechs Jahre im Business versteht es die Band wie kaum eine andere das Publikum in eine neue Bandbreite der brutalen Präzision zu entführen. Wir können es kaum erwarten.</p>",https://www.wacken.com/fileadmin/user_upload/Thrown-WOA26.jpg,https://www.wacken.com/fileadmin/_processed_/4/9/csm_Thrown-WOA26_f70cc40622.jpg,,5eBCPtU2iPbzuMRre9BePt,,https://extendedpain.com/,https://www.facebook.com/thrownband,https://www.instagram.com/thrownband/,true
thundermother,Thundermother,thundermother,wacken-json,360,Sweden,,"<p>Manche Bands spielen nicht nur Musik, die sich dann einem bestimmten Genre zuschreiben lässt. Manche Bands leben genau diesen Spirit.<br />Thundermother aus Schweden atmen, leben und kreieren Rock’n’Roll. Ehrlich schnörkellos direkt. Und da es in jeder Ehe auch mal zu Ende gehen kann haben auch Thundermother nicht davor zurückgeschreckt Tabularasa zu machen und neu zu beginnen.<br />Nun seit knapp 2 Jahren im neuen Lineup versteht es die Band auch wieder, die Zuschauer schnell um den Finger zu wickeln. Überzeugt euch selbst!</p>",https://www.wacken.com/fileadmin/user_upload/Thundermother-Band-2023.jpg,https://www.wacken.com/fileadmin/_processed_/9/a/csm_Thundermother-Band-2023_d61771d790.jpg,https://www.youtube.com/channel/UCyyyZ8cMvrLvEvfAraTnsFQ,18jTFcgHRRYHdwdof1MDZw,,https://www.thundermother.com/,https://www.facebook.com/thundermother/,https://www.instagram.com/thundermother/,false
thy-art-is-murder,Thy Art Is Murder,thy-art-is-murder,wacken-json,22,Australia,,"<p>Extrem ist ein in unserem Heavy Metal Kosmos oft bemühtes Wort. Im Fall des australischen Aushängeschilds Thy Art Is Murder und deren musikalischen Schaffens trifft die Umschreibung aber den Nagel auf den Kopf. Der brutale Deathcore gepaart mit den Fähigkeiten des neuen Manns am Mikrofon, Tyler Miller, zimmern einen wohligen Unterstand im Sturm des tosenden Moshpits.</p> <p>Und da soll nochmal einer sagen die Australier können nur AC/DC.</p>",https://www.wacken.com/fileadmin/user_upload/bandimages/bands2026/thy_art_is_murder_26.jpg,https://www.wacken.com/fileadmin/_processed_/8/0/csm_thy_art_is_murder_26_9e88fcd95e.jpg,https://www.youtube.com/watch?v=5rPbb0WCpOw,3et9upNERQI5IYt5jEDTxM,,https://www.thyartismurder.net,https://www.facebook.com/thyartismurder,https://www.instagram.com/thyartinstagram,false
triptykon,Triptykon,triptykon,wacken-json,1154,Switzerland,Exclusive Special Best Of Set With Several World Live Premiers,"<p>Bei uns schlägt das Legenden-Barometer ohne Ende aus. Tom Warrior Fischer bringt mit Triptykon eine absolute Sternstunde des Heavy Metal auf den ohnehin schon an Legenden nicht armen Holy Ground.<br />Und obwohl Fischers Fans seit 2014 und dem letzten Album Melana Chasmate auf neuen Musik warten müssen, könnt ihr euch sicher sein, dass der Holy Ground nicht groß genug sein wird, um diese Ikone in ihrer Gänze zu erfassen.<br />Als einer der Väter von Black – und Death Metal gestartet hat Fischer eine beeindrucke Bandbreite an Sounds vorzuweisen.<br />So etwas gehört normalerweise in ein Museum! Die Formation kommt nicht auf den Holy Ground, sie haben einige Überraschung und Specials im Sack für ein unvergessliches Wacken Erlebnis.&nbsp;</p>",https://www.wacken.com/fileadmin/user_upload/Triptykon-WOA26.jpg,https://www.wacken.com/fileadmin/_processed_/3/c/csm_Triptykon-WOA26_0599ad9698.jpg,https://www.youtube.com/channel/UCKXdXpeSwheXyt1WUINGPTg,37fG1EQuwb6zBHyFYUGfj8,,https://www.triptykon.net/,https://www.facebook.com/triptykonofficial,https://www.instagram.com/triptykonofficial/,true
trold,Trold,trold,wacken-json,1214,Denmark,,"<p>Wisst ihr wo Trolle leben? Gemeinhin findet ihr sie unter Brücken oder in ihren Höhlen. Nicht aber unsere Freunde von Trold! Die dänischen Tin Whistle Verehrer leben diesen Sommer, zumindest übergangsweise, direkt bei uns auf dem Holy Ground. Mitbringen werden sie einen ganzen Sack voller Trold Hits und die habe es wirklich in sich. Wer bei dieser explosiven Mischung aus Pagan- Folk- und Metal-Elementen nicht irgendwann die Haare fliegen und den Nacken kreisen lässt, ist bei dieser Band dann wahrscheinlich sowieso falsch.</p>",https://www.wacken.com/fileadmin/user_upload/bandimages/bands2026/trold_26.jpg,https://www.wacken.com/fileadmin/_processed_/7/2/csm_trold_26_e2d88c204e.jpg,https://www.youtube.com/watch?v=eDXf4JCySfk,,,https://www.troldband.com,https://www.facebook.com/troldband/,https://www.instagram.com/troldband,true
turbonegro,Turbonegro,turbonegro,wacken-json,1192,Norway,,"<p>2026 marschieren Turbonegro wieder in Wacken ein – nicht, um nett zu spielen, sondern um das Gelände daran zu erinnern, wie sich echte Bühnenpräsenz anhört, wenn man sie mit einem Presslufthammer verwechselt.</p> <p>Ihr letzter Besuch hinterließ einen Feldbericht, der ungefähr so klang wie eine Mischung aus Katastrophenprotokoll und Liebesbrief: zu viel Lärm, zu viel Denim, zu viel Haltung – also genau richtig.</p> <p>Dieses Jahr haben sie angeblich beschlossen, noch ungepflegter aufzutreten, rein aus Prinzip. Die neue Live-Show soll so kompromisslos sein, dass selbst die Lautsprecher versuchten, Gewerkschaftsschutz anzumelden.</p> <p>Turbonegro 2026:</p> <p>keine Schönfärberei, kein Kuschelkurs, nur ehrlicher Krawall – und zwar der Sorte, die man nicht vergisst, sondern noch Wochen später aus den Kleidern klopft.</p>",https://www.wacken.com/fileadmin/user_upload/bandimages/bands2026/turbonegro26.jpg,https://www.wacken.com/fileadmin/_processed_/1/b/csm_turbonegro26_2118d824cd.jpg,https://www.youtube.com/watch?v=gzBNLvElCyk,191rVxQbbZ05wcICUSvLkz,,https://turbonegro.com/,https://www.facebook.com/TurbonegroHQ/,,false
tuxedoo,tuXedoo,tuxedoo,wacken-json,173,Austria,,"<p>Donnernde Riffs, wütende Drums und eine gewisse Aura der Bedrohung – so habt ihr euch den Sound der Alpen gar nicht vorgestellt? Tuxedoo belehren euch eines Besseren. Der brutale Mix aus Thrash mit Elementen des Nu Metal lässt die fünf Österreicher musikalisch eher in der Bay Area oder New York verorten. Tatsächlich stammen die Buam aber aus dem beschaulichen Tirol und können in ihrer 8 jährigen Schaffenszeit 2 EPs und 4 Alben vorweisen. Es ist also alles angerichtet sich mal ordentlich die Lederhosen ausziehen zu lassen, liebe Metalheads.</p>",https://www.wacken.com/fileadmin/user_upload/bandimages/bands2026/tuxedoo_26.jpg,https://www.wacken.com/fileadmin/_processed_/a/b/csm_tuxedoo_26_2cbaa64988.jpg,https://www.youtube.com/watch?v=HYHN7f9knBA,44irRUOhAfb0ochWsW4sG1,,https://tuxedoo.at,https://www.facebook.com/tuxedoometal/,https://www.instagram.com/tuxedoo_alpencore/,false
uli-jon-roth,Uli Jon Roth,uli-jon-roth,wacken-json,208,Germany,"50th Anniversary of ""Virgin Killer"" Show feat. Special Guests","<p>Die Legende beginnt auf der Full Metal Cruise:</p> <p>Uli Jon Roth, Gitarrenalchemist und ewiger Zeitreisender im Dienst der hohen Kunst, schlendert über das Schiff – und trifft auf Kreator.</p> <p>Uli kennt sie nicht. Kreator kennt ihn sehr wohl.</p> <p>Große Fans, seit Jahren. Das klassische „Wir sind mit deiner Musik aufgewachsen“-Level.</p> <p>Der Rest ist reiner Metal-Instinkt: Man redet, man lacht, man merkt:</p> <p>Da muss was Gemeinsames passieren.</p> <p>Und weil Understatement nie Ulis stärkste Disziplin war, fiel die Wahl nicht etwa auf einen Jam oder eine Session backstage —</p> <p>nein, man beschließt:</p> <p>Wir feiern gemeinsam in WACKEN den 50. Geburtstag von Virgin Killer.</p> <p>Wie sonst?</p> <p>So entsteht eine seltene Allianz: Mille und Fredos die Meister des Thrash,</p> <p>und Uli Jon Roth, der Mann, dessen Gitarrenton selbst Stürme höflich bittet, ruhiger zu sein.</p> <p>Wacken 2026 bekommt damit kein normales Jubiläum, sondern ein Ereignis, das nur schwer zu toppen ist.</p> <p>Oder wie man auf der Cruise hörte, nachdem der Plan stand:</p> <p>„Mehr geht nicht.“</p>",https://www.wacken.com/fileadmin/user_upload/bandimages/bands2026/uli_jon_roth26.jpg,https://www.wacken.com/fileadmin/_processed_/3/b/csm_uli_jon_roth26_db0812a7ce.jpg,https://youtu.be/Rw4QqMF6fcU,2VoP4JXyxNPIoYAFdB5ssQ,,https://www.ulijonroth.com/,https://www.facebook.com/Uli-Jon-Roth-26843841074/,https://www.instagram.com/ulijonroth/,false
unzucht,Unzucht,unzucht,wacken-json,643,Germany,,"<p>Sie bringen ihre musikalische Finsternis mit „Neon Dom“ auf den Acker! Vier Jahre nach ihrem Best Of-Album schlagen UNZUCHT ein neues Kapitel auf und veröffentlichen den ersten Longplayer mit Frontmann Timm Hindorff. Die neuen Songs atmen Mut, zeugen vom Kampf mit inneren Dämonen und wissen dennoch, dass auf jede Dunkelheit ein Licht folgt. Taucht ein in die Welt voller Unzucht und Verlangen…ihr werdet es nicht bereuen.</p>",https://www.wacken.com/fileadmin/user_upload/bandimages/bands2026/unzucht_26.jpg,https://www.wacken.com/fileadmin/_processed_/b/2/csm_unzucht_26_5662cb7925.jpg,https://www.youtube.com/watch?v=zEOoc9cua0c,2hfInImCCmb7zXIuCE15IN,,https://www.unzucht-music.com/,https://www.facebook.com/Unzucht/,https://www.instagram.com/unzucht_official,false
vanir,Vanir,vanir,wacken-json,1174,Denmark,,"<p>Vanir strecken ihren Arm aus und reichen uns ihre Hand, um uns mit nach Valhalla zu nehmen. Die sechs Dänen, die es sich zur Aufgabe gemacht haben nordische Mythologie und Lebensart zu vertonen, verpacken ihre Erzählungen in ein Black- und Death Metal Gewand, das nicht nur eine beeindruckend passende Szenerie kreiert, sondern auch noch die Herzen der Metalheads erwärmt.&nbsp;</p>",https://www.wacken.com/fileadmin/user_upload/bandimages/bands2026/vanir_26.jpg,https://www.wacken.com/fileadmin/_processed_/0/f/csm_vanir_26_4989af5ab2.jpg,https://www.youtube.com/watch?v=DyTt4-wguj0,6DCYYeX3Iqic6GnQTXM3n4,,https://vanir.dk,https://www.facebook.com/Vanirband/,https://www.instagram.com/vanirdenmark/,true
velvet-rush,Velvet Rush,velvet-rush,wacken-json,1215,Germany,,"<p>Velvet Rush bringen Rock’n’Roll ohne Umwege. Treibende Riffs, große Melodien und genug Energie, um den Staub vom Festivalboden zu pusten. Das ist die Sorte Band, bei der man plötzlich merkt, dass man schon wieder mitsingt und der Fuß längst mitwippt.</p>",https://www.wacken.com/fileadmin/user_upload/bandimages/bands2026/velvet_rush_26.jpg,https://www.wacken.com/fileadmin/_processed_/c/c/csm_velvet_rush_26_79ee43e0e7.jpg,https://www.youtube.com/watch?v=WZCaI5p_ylw,2MorUzc2WoEC4CA8VKjRuK,,https://www.velvetrush.com/,https://www.facebook.com/Velvet.Rushband/,https://www.instagram.com/velvet.rush_/,true
vended,Vended,vended,wacken-json,439,United States,,"<p>Brutale Sounds, eine noch brutalere Stimme, Des Moines, Iowa – und ein nicht zu unterschätzender Schockfaktor. Du denkst an S…?! Falsch gedacht. Die Rede ist von Vended.</p> <p>Wer ihren letzten Auftritt beim Wacken Open Air erlebt hat, weiß ganz genau, was uns in diesem Sommer erwartet – und alle anderen sollten sich besser festhalten. Was auch immer die da drüben in Iowa im Wasser haben, wir nehmen davon auch eine Runde.</p> <p>P.S. Man munkelt ja, Blut sei tatsächlich dicker als Wasser: Angeführt von den Söhnen der Slipknot-Legenden Corey Taylor und Shawn “Clown” Crahan trägt diese Band das Familienerbe mit Wucht weiter – aber mit ihrem ganz eigenen, rohen und ungezähmten Sound.Ein absoluter Pflichttermin auf dem Acker!</p>",https://www.wacken.com/fileadmin/user_upload/bandimages/bands2026/vended_26.jpg,https://www.wacken.com/fileadmin/_processed_/0/7/csm_vended_26_a96222e9bb.jpg,https://www.youtube.com/watch?v=FQP9akf_Pkk,17pZeX1Vy9hugVufmKFbCQ,,https://www.officialvended.com,https://www.facebook.com/vendedofficial,https://www.instagram.com/vended_official,false
visions-of-atlantis,Visions of Atlantis,visions-of-atlantis,wacken-json,305,Austria,,"<p>Hilfe die Piraten sind los und nehmen Kurs zum Entern des Holy Grounds! Glücklicherweise sind es unsere Piraten, Visions&nbsp;of Atlantis, die nach ihrer ausgiebigen Tour mit Warkings noch ein Stelldichein in Wacken geben. Die Mannschaft um Piratenkönigin Clementine Delauney und Oberpirat Michele Guaitoli versetzen seit Beginn des Millenniums die Bühnen dieser Welt in freudige Schrecken, wenn sie ihre symphonischen und mitreißenden Piraten-Epen auf die Bretter bringen. Entert ruhig, wir sind bereit.</p>",https://www.wacken.com/fileadmin/user_upload/bandimages/bands2026/visions_of_atlantis_26.jpg,https://www.wacken.com/fileadmin/_processed_/1/6/csm_visions_of_atlantis_26_2bfe817394.jpg,https://www.youtube.com/watch?v=g1HKsJAxIx8,5kanN1nKzrkW1m2gZmo82x,,https://www.visionsofatlantis.at,https://www.facebook.com/visionsofatlantisofficial/,https://www.instagram.com/visionsofatlantis/,false
vogelfrey,Vogelfrey,vogelfrey,wacken-json,79,Germany,,"<p>Sie haben eine klare Mission: Make Mittelalter Great Again! Was für die einen ein finsteres Zeitalter darstellt, ist für die Folk-Metal-Institution VOGELFREY eine bunte Spielwiese und Inspiration seit über 20 Jahren. Dabei blicken die Hamburger nicht nur zurück, sondern wagen den Schritt in die Gegenwart – thematisch topaktuell, gesellschaftskritisch und dennoch mit der gewohnten Prise Humor und Ironie. Schwingt das Tanzbein, reißt die Met-Hörner in die Höhe und ölt eure Stimme. VOGELFREY, wir sind dabei!</p>",https://www.wacken.com/fileadmin/user_upload/bandimages/bands2026/vogelfrey_26_b.jpg,https://www.wacken.com/fileadmin/_processed_/a/3/csm_vogelfrey_26_b_0c6f4b5859.jpg,https://www.youtube.com/watch?v=8FVp4nbv35Y,3pyjoONcLKvzpSCtk3zAkh,,https://www.vogelfrey.net/,https://www.facebook.com/Vogelfrey/,https://www.instagram.com/vogelfrey_official/,false
vreid,Vreid,vreid,wacken-json,781,Norway,,"<p>Aus den frostgezeichneten Tiefen von Sogn&nbsp;og&nbsp;Fjordane erhebt sich Vreid — als Fortführung des Erbes von Windir nach dem Verlust von Terje “Valfar” Bakken, weitergetragen von Jarle&nbsp;Kvåle (Hvall).</p> <p>Im Black Metal verwurzelt, aber bewusst erweitert, verbindet Vreid&nbsp;tremolobasierte Riffs mit Midtempo-Grooves und marschartigen Rhythmen. Ihr Sound ersetzt rohes Chaos durch Präzision—geschichtete Gitarren, markante Harmoniewechsel und eine Atmosphäre, geprägt von norwegischer Geschichte und klirrender Kälte.</p> <p>Keine Nostalgie. Nur Evolution aus Stahl, Disziplin und kalter Entschlossenheit.</p> <p>Vreid steht außerhalb von Trends: mehr Feldzug als Band, mehr Doktrin als Noise.</p>",https://www.wacken.com/fileadmin/user_upload/bandimages/bands2026/vreid_26.jpg,https://www.wacken.com/fileadmin/_processed_/8/0/csm_vreid_26_f92e6e9af1.jpg,https://www.youtube.com/watch?v=gc0ZVZrL6G8,2KvwC4Kmp2U8XnKr5Yr1hm,,https://www.vreid.no,https://www.facebook.com/vreidofficial/,https://www.instagram.com/vreidofficial/,false
wacken-firefighters,Wacken Firefighters,wacken-firefighters,wacken-json,212,Germany,,"<p>Sie gehören nach Wacken wie der Patch auf die Kutte, wie der Landgasthof in die Ortsmitte, wie der Schlauch zum Feuerwehrauto. Die WACKEN FIREFIGHTERS sind auch dieses Jahr wieder auf dem Holy Ground, um ganz nach dem Motto „Metal meets Brass“ ihre über 20-jährige Festivaltradition zu pflegen. Der Musikzug der Freiwilligen Feuerwehr Wacken hat wieder eine umfassende Setlist in petto – von Egerländer Polkas, über Märsche bis zu Rock und Metal-Klängen. Wenn der Dirigent seinen Taktstock hebt, reißen wir die Pommesgabel in die Höhe!</p>",https://www.wacken.com/fileadmin/user_upload/bandimages/bands2025/wacken_firefighters_25.jpg,https://www.wacken.com/fileadmin/_processed_/0/6/csm_wacken_firefighters_25_5f6d39317e.jpg,https://www.youtube.com/watch?v=kyTJfGlBHJo,,,https://www.wacken-firefighters.com/,https://www.facebook.com/MZFF.Wacken.Firefighters,https://www.instagram.com/wackenfirefighters/,false
wuestenberg,Wüstenberg,wuestenberg,wacken-json,1216,Germany,,"<p>FRANZ WÜSTENBERG, welcher bereits erfolgreich eine Dekade als Frontmann bei The O’Reillys and the Paddyhats sang, hat mit „The King’s Gambit“ endlich sein heiß ersehntes Debütalbum von den Ketten gelassen. Wüstenberg versprach nicht zu viel, als er in einem alten Bruchsteinhaus aus dem 19. Jahrhundert über seinen Neubeginn sinnierte. Authentischer Folk Rock mit Tiefgang und Lebensfreude, mit lauter E-Gitarre, verträumter Mandoline und vielem mehr. Bühne frei für das sympathische Nordlicht und seine sechsköpfige Band.</p>",https://www.wacken.com/fileadmin/user_upload/bandimages/bands2026/wuestenberg_26.jpg,https://www.wacken.com/fileadmin/_processed_/1/1/csm_wuestenberg_26_7a5a7ede3d.jpg,https://www.youtube.com/watch?v=wdCiLBRAkzs,6YQBDUiQeOg2Pp4XzGmtbm,,https://www.wuestenberg-music.com/de,https://www.facebook.com/wuestenbergmusic,https://www.instagram.com/wuestenberg_music/,true
wytch-hazel,Wytch Hazel,wytch-hazel,wacken-json,1155,United Kingdom,,"<p>Die Kämpfer des Lichts haben sich unter dem Banner Wytch Hazel vereinigt und kommen mit zweistimmigen Lead Gitarren a la Iron Maiden und einer Hitgarantie nach Wacken, um uns von all dem Bösen zu befreien.</p> <p>Die britischen Barden stehen ganz in der Tradition der NWOBHM und riffen sich seit 15 Jahren durch die Landen. Mit ihrem aktuellen Album V: Lamentations zementieren sie ihren Ruf als Hitmaschine und sind nun bereit unter dem Banner des Lichts den Holy Ground zu stürmen.</p>",https://www.wacken.com/fileadmin/user_upload/Wytch_Hazel-WOA26.jpg,https://www.wacken.com/fileadmin/_processed_/2/5/csm_Wytch_Hazel-WOA26_3a3c5566d4.jpg,https://www.youtube.com/watch?v=79FMltWsgX0,4EwBNQKEzshM5Yxs6cyzpt,,https://wytchhazel.com,https://www.facebook.com/wytchhazel/,https://www.instagram.com/wytchhazel/,true
year-of-the-goat,Year of the Goat,year-of-the-goat,wacken-json,1217,Sweden,,"<p>Year Of The Goat klingen ein bisschen so, als würde eine okkulte Rockband mitten in der Nacht eine Messe für Heavy Rock lesen. Große Melodien, dunkle Vibes und ordentlich 70er-Magie. Wenn die Schweden spielen, wird die Bühne zum Pilgerort, nur ohne Kerzen und mit einer Menge mehr Gitarren</p>",https://www.wacken.com/fileadmin/user_upload/bandimages/bands2026/year_of_the_goat_26.jpg,https://www.wacken.com/fileadmin/_processed_/4/e/csm_year_of_the_goat_26_f271ba4dd9.jpg,https://www.youtube.com/watch?v=3utyUuudA30,56sorIyBAwXaDPifwqtCub,,,https://www.facebook.com/yearofthegoat/,https://www.instagram.com/yearofthegoatofficial/,false
yngwie-malmsteen,Yngwie Malmsteen,yngwie-malmsteen,wacken-json,1168,Sweden,Greatest Hits Set,"<p>Yngwie ist kein Gitarrist – er ist ein Sturm im Smoking.<br />Seine Soli sind Opern, seine Arpeggios religiöse Erfahrung.<br />Seit <i>“Rising Force”</i> brennt er die Tonleitern nieder, weil sie ihn bremsen.<br />Er spielt nicht, er duelliert sich mit der Physik.<br />Eitel? Sicher. Aber Genie war nie bescheiden – das beweist er in dem er uns bei dieser Show ein Greatest Hits Set liefert. Wer hat&nbsp; - der kann!Wenn seine Saiten glühen, zerplatz der der Rest der Welt in 1000 glitzernde Scherben.</p>",https://www.wacken.com/fileadmin/user_upload/bandimages/bands2026/yngwie_malmsteen_26.jpg,https://www.wacken.com/fileadmin/_processed_/9/0/csm_yngwie_malmsteen_26_451945c4f5.jpg,https://www.youtube.com/watch?v=2e-n9-b7qAQ,,5DpSoH5zCXNRqYai7pmcGG,https://www.yngwiemalmsteen.com,https://www.facebook.com/officialyngwiemalmsteen,https://www.instagram.com/yngwiemalmsteen_official,true
zeltinger-band,Zeltinger Band,zeltinger-band,wacken-json,1220,Germany,,"<p>Ein bisschen Kölle weht über den Holy Ground, wenn die legendäre Zeltinger Band sich aufmacht den langen Weg aus Colonia in den hohen Norden zurückzulegen. Die Truppe um Frontmann Jürgen Zeltinger gehört zum kölschen Kulturgut und mittlerweile auch schon fast 50 Lenzen auf dem Buckel. Mit Textzeilen wie „ich poliere Kritikern die Fressen, für die Band mach' ich das Abendessen“ hat sich die Zeltinger Band ins kollektive jecke Gedächtnis eingebrannt. Nun wird die Zeltinger Band den Holy Ground beehren. Ein weiteres Kapitel in der an Anekdoten nicht armen Geschichte dieser Kombo.</p>",https://www.wacken.com/fileadmin/user_upload/bandimages/bands2026/zeltinger_26.jpg,https://www.wacken.com/fileadmin/_processed_/1/0/csm_zeltinger_26_74420c1905.jpg,https://www.youtube.com/watch?v=fww9y0cOW74,12cJGU9ktOShfMV5scsdHM,,http://www.zeltinger-band.de,,https://www.instagram.com/zeltingerband/,true
